# 3D point list with one line of data per point:
#   POINT3D_ID, X, Y, Z, R, G, B, ERROR, TRACK[] as (IMAGE_ID, POINT2D_IDX)
# Number of points: 74648, mean track length: 0.0
58043 4.207090073362804 2.120792934803034 0.8095529699353305 83 87 90 1.1453637537644619 
58038 4.700277092333637 2.302683938561368 1.1591201903654962 136 140 103 0.16730272533134627 
58031 4.725647553024364 1.7485670463329646 1.2530129456958858 146 146 136 0.588030592190939 
58025 3.8420723000844883 2.330624364290651 0.8042717008765933 128 100 74 0.40015580854385524 
58024 3.6018608021030336 2.174105754429129 0.9340850850780604 83 89 86 2.8678490065413866 
58015 4.364910375111479 2.0048065499415166 0.7880107681013413 58 58 49 1.6661816571360695 
58013 4.489658401393519 2.2180452262072103 0.8364364308457819 176 175 157 0.5471632068325086 
58009 4.721329112445258 2.5294665763537765 0.9863740315256633 122 121 118 1.1071417803771297 
58001 4.915805799546522 0.7158987809687534 1.0790466409786035 130 131 125 2.040982045894378 
57999 4.773879086302137 0.8622308428002756 1.2065525458570119 182 174 162 0.8534010806872612 
57991 3.717006323305146 2.0908698333382274 0.7860119857978928 38 29 20 1.565475998315839 
57989 3.7694451899729495 2.0758646443162876 0.7855436343110892 89 80 50 1.3084375542045699 
57987 4.001349833927304 2.1917329235917875 0.8119012146305498 195 197 194 0.5764703882359252 
57980 4.393568348549505 2.0712305285413706 0.7800401755498849 133 131 110 0.5371350368934278 
57977 4.955082883145768 2.5617337149016866 0.8227437044193877 138 140 137 0.4525592362763018 
57976 4.786569334274985 2.5251555159462664 0.9298709593963755 40 39 37 0.537869206082214 
57963 3.887340079775121 2.4301468816671092 0.8516970590505577 0 0 0 1.7404187676130103 
57961 4.110144990324305 2.321808020976742 0.8198682236101659 23 31 33 0.7666617275482042 
57959 4.051269313078071 2.2039434931901063 0.8297796101091308 53 68 67 0.8717805421601953 
57924 4.269132937606691 2.1641709926695962 0.802480777863837 69 70 73 1.4768844102453207 
57923 4.269826094429724 2.1794147038166205 0.8280250583253955 44 48 51 0.6142357364628991 
57921 4.324777838027378 2.163807247995318 0.8025010976141977 74 70 43 0.29356357953156653 
57920 4.358757057262704 2.104738605881874 0.8060029761713737 130 128 107 0.024503891871186474 
57913 4.732818248230841 2.3844048584169535 0.8163400342223657 194 188 162 0.3048355063211716 
57906 3.8111186743734584 2.2676978325041564 0.8034506704371742 0 13 85 0.26527234476888856 
57896 4.537354094468244 2.152061649021452 0.8765765166195639 104 102 77 0.197976559826001 
57891 4.460742039836622 1.9644893332199487 0.8026500592917433 166 162 144 0.9825554224834491 
57880 4.778714394522431 2.4311153367238525 0.9369249232260691 154 158 166 1.6022130199155709 
57879 3.809650868003563 2.1000969413632817 0.7956706827117201 141 138 117 1.6294303072980867 
57872 4.257628561753399 2.103260276949764 0.7899644659606763 91 98 113 1.7256847891303373 
57869 4.026078863199227 2.6667690797542827 0.7970926177856943 111 117 131 1.6966264102926152 
57855 3.7591928831532555 2.3254555147275715 0.8031272935364762 132 106 91 1.503748223057855 
57851 4.679952637936118 2.8589544963086513 0.6792852932144658 2 1 0 1.7468614240780846 
57849 4.6837249432172126 2.809343453958539 0.8059997359101817 37 41 42 0.8554400191574842 
57848 3.802362338294331 2.0830118145281755 0.9221762695530074 55 60 63 1.4981910175716437 
57839 4.690489153587141 2.5246213128527244 0.8962416738313586 63 67 66 1.5099462215035586 
57825 3.7554258577652395 2.3232561309327835 0.7769934902973711 127 103 72 1.4732717624618648 
57823 4.151770713299829 2.343883800823046 0.8406245469422053 183 178 151 0.9895739814386414 
57821 4.795166798916419 2.9527296768109945 0.9297457491172738 114 124 134 1.5942987831185647 
57817 4.788844802617123 2.400783631322223 1.0469414840013096 235 235 237 2.2315911999346185 
57801 5.009664065561042 2.7415427469437352 0.9953448310167612 97 101 102 1.5638116850657193 
57782 4.962864719495977 2.716877949199107 0.9513400922854116 185 210 230 1.2574941287525048 
57780 5.835745193581033 2.101008454270576 0.6967335300977083 241 240 238 2.8661636443702516 
57767 4.691206187681089 2.883809373147842 0.8259936032027669 153 154 142 1.4832292364029451 
57765 4.0690964230281645 2.17402106617381 0.828150258232613 13 21 23 1.1246880059555109 
57760 4.554433940548696 2.281242526887999 0.855199642075269 115 118 101 1.1556223021769112 
57756 4.764561484844287 2.553162708533514 0.9282440086502033 27 29 24 1.0664737864677123 
57751 4.037700471142884 1.7960665438431545 1.2805214112794439 37 45 50 2.707745581769743 
57743 4.736466711786497 2.8043934805437156 0.34709763473510935 101 104 97 1.5480708603356614 
57739 4.084545934605288 2.3833913334011037 0.7841597326643209 219 201 177 0.41695931993784674 
57738 3.6188729679440943 2.1537871867395175 0.923247973396383 198 196 183 0.16180644583233167 
57723 4.572706100752733 2.0906536933630453 0.8579609480092778 113 113 89 0.8947083196575893 
57720 4.666491861285115 2.23256687510692 1.1344591485691895 217 219 216 0.6416791660155731 
57717 3.6721064082787773 2.226043459854572 0.7674103213480569 27 22 4 0.7271097834397727 
57712 3.9646468718112198 2.3915107232032637 0.8030550418313519 180 172 164 1.1469162585310173 
57711 3.753225956911532 2.0799125286193316 0.7791772361941438 177 165 139 0.627324647742116 
57706 3.9656362399596348 2.0592075863209223 0.7993122065712184 166 164 149 1.6811533706655943 
57700 4.486001385482427 2.377485550470867 0.7806637165705198 169 162 134 1.440375280815338 
57699 4.1358669735909395 1.9426798433461665 0.7771914025753545 9 5 2 0.735909218144835 
57695 4.472311781790597 2.212873688819889 0.8371498057487121 195 193 181 0.7386683478906939 
57690 4.438794170505124 2.1036628661075003 0.8603900857859172 94 95 79 0.8760884964324204 
57674 3.9796747528806753 2.1643869362341475 0.7993380668848925 214 218 219 1.0063451523535956 
57669 4.468829569712024 2.3505794789330485 0.7819935965650874 37 28 2 0.31831989025832064 
57668 3.4443981711299787 2.885893265794544 1.4395601694778466 49 50 46 1.5747299933690369 
57666 4.671658598461543 2.539157938820609 0.8037795119503499 29 20 0 0.6573735723360826 
57663 4.006110284935207 2.1215606878403 0.9487850358719101 93 99 99 0.7607113222486035 
57661 4.030531702439132 2.1253702496512066 0.9487438273834097 100 106 106 0.4556064806536816 
57659 4.855769889237071 2.668722425246028 0.9236091152643657 92 97 100 0.6555007104326944 
57643 3.9620094788882922 2.110390704136571 0.7478105247184679 190 194 195 2.419160343158002 
57640 3.8709658418049604 2.0605269705423854 0.8062187946415179 74 71 60 0.4696847522657746 
57637 4.179215750176507 2.4103362421710095 0.8303759626971015 107 112 107 0.6555760235218325 
57635 3.888398095272342 1.9401805220360175 0.7573678400228777 55 44 42 0.18641158876324504 
57629 4.427974904416917 2.3584041812269554 0.7782891015038074 55 49 25 0.6778356279907166 
57618 4.632140095043146 2.1771069657171918 0.9041538887276209 99 87 77 0.84930811281765 
57617 4.6435710879679934 2.1701829815833387 0.8984109221213635 99 87 77 0.9221104305235478 
57616 4.644083142554008 2.202019758006256 0.9376429322637508 19 20 12 1.1596861434264598 
57615 4.928458169150392 2.926431713206139 1.0826599850538186 244 239 234 0.26153659463275697 
57614 4.72859636626918 2.4223209631143474 1.0685950205565242 191 191 191 0.1296744955654337 
57611 3.643541715978708 2.251282788170912 0.7887586247793761 145 142 127 0.2661915540852796 
57606 3.634039278277636 2.1248502422486393 0.9017955706757467 165 162 147 0.1261368649099292 
57604 3.878549494196929 2.20189300534706 0.8437346379306612 221 225 226 1.550206019512372 
57599 4.052660718012835 2.2621041388726404 0.8364958587525974 40 44 45 1.0005192591396126 
57592 4.135868644596097 1.9327921473906333 0.7889614125939673 135 130 124 0.7193680067541265 
57591 4.522083099645448 2.2763834426606904 0.8017423227390608 62 61 41 0.2192863710116794 
57587 4.628519857146349 1.8893547660271424 0.7529260618957552 37 42 36 0.5749086988529555 
57586 4.8939069335014045 2.6491664165213136 1.0174255023805314 153 154 156 0.403301477804331 
57569 3.552200472079321 2.4884139165574495 0.8425138484174246 186 195 167 0.9710916371505577 
57566 2.9892403295541365 2.4077064924761102 0.7916152549094084 72 73 65 1.0881814210164995 
57562 3.5193047832561337 2.55584972749712 0.8347683509260526 160 154 55 1.1326373965938652 
57561 3.678206337177807 2.699251364143086 0.7955098756851376 9 17 22 1.316362796780306 
57560 3.2254765787161004 2.4798619358046383 0.8094111782799139 167 162 161 1.0357420174211343 
57558 3.116071783424692 2.5707378326888746 0.7813620808528866 28 25 18 1.290752994312168 
57552 3.5309328595229967 2.5558147697220015 0.8465774460948969 150 162 201 1.3482296555120756 
57551 3.145063828875038 2.5651449893985707 0.7802310021172492 171 164 140 1.1018225724435764 
57548 3.994765920295161 3.144798297661803 0.1744736504637725 41 45 56 1.6628049193969332 
57544 3.2801846436099895 2.1448916285617488 0.8350604526654132 177 184 194 2.061447226914177 
57542 2.9878057067021997 2.4053080659008765 0.8286927593263114 58 66 68 0.2781269884569678 
57531 3.2123692946880444 2.399856932339497 0.8274406462334075 187 194 200 1.297986868837779 
57527 3.9499149794907544 3.051600621034665 0.15907447252558216 3 8 12 1.9493996615816538 
57524 3.1096828286399023 2.231566248510385 0.8232770481973111 221 228 238 1.0715891378675675 
57519 3.979206302626789 3.106978798246159 0.12184979537469531 38 48 58 1.4169941022177384 
57518 3.169141475822212 2.5223611336939022 0.7854187577092053 189 195 161 1.156777335480693 
57511 3.01898550400454 2.544100034966595 0.7759597311319799 240 223 206 1.2922419117991235 
57509 3.1588050901915277 2.5723228532886973 0.785962865463646 7 18 14 0.9828093498607128 
57507 3.094571368434191 2.429958839400226 0.8211407780602926 223 224 244 1.049772523528615 
57505 3.1288416000575427 2.256919523589909 0.8216862433379502 175 182 188 0.13439161730903942 
57498 3.7790599815883636 2.6665339674108806 0.7973831677754876 15 18 23 0.9851426063263657 
57497 3.3572699485514383 2.948826746763549 0.1092381078638025 35 43 46 0.6649923988929208 
57480 3.3464171729675267 2.211930626976092 0.8279891552620354 157 148 138 1.8402942321967046 
57478 3.4621872563074656 2.0321480823441735 0.7683588228980351 68 80 70 1.7410485920124836 
57477 3.5960521094846163 2.260206591186487 0.7842673767901694 131 125 111 0.4930428056311558 
57474 3.4440407330325424 2.893811312577899 0.06569566453659559 62 70 72 0.1448933527914563 
57472 2.9825595970249545 2.5261329626290046 0.7729601804255494 186 153 65 0.460150361565989 
57471 2.989176791814333 2.467416805147094 0.777227939414185 147 128 75 0.8431136774076706 
57468 3.0874519446219173 2.432616087895462 0.8198738466630465 155 149 71 2.436718649182866 
57454 3.5273761365100373 2.484012764000979 0.8426005038450636 161 191 215 1.392495314861122 
57448 3.271960941883137 2.481261513667405 0.7725073895094471 108 117 148 1.0294272116752587 
57445 3.7469991707156707 2.5521676850877055 0.7997124855553425 68 67 62 1.086030738812765 
57438 3.9330967969036035 2.5672319856215466 0.7919807182298203 102 110 121 0.14260633977835724 
57426 3.5200166916269726 2.4643072514467117 0.8434330836639793 136 139 102 2.0762184688651515 
57425 4.180276367335595 2.4198200656938913 0.8029575454108506 7 6 4 1.661068687370501 
57404 4.191096181411833 1.9641172425001203 0.7955844314640305 123 125 121 0.3398153143260213 
57396 3.8429747407596273 2.617161192707306 0.8059731026216592 68 76 87 0.7125235386034503 
57391 4.150932337579819 1.9696670558523148 0.8152789692801459 7 14 24 0.3293382173452875 
57387 4.573458184338994 2.0902567267104386 0.8644925199299889 129 129 121 1.1525855260721776 
57363 4.690189445206835 2.5506226653091533 0.9202972123568909 230 238 249 1.870645402396313 
57362 4.883506217393662 2.706160552787919 0.8652825264001417 162 174 188 1.793185201327555 
57361 4.69522223276314 2.4139084957340464 0.9595756556862626 165 170 176 0.7569278534679782 
57357 4.716124503672013 2.4171282250924633 0.9576304814681702 62 67 73 2.4905609459206652 
57334 4.152738528968657 2.064330060099608 0.9016014402859062 25 34 43 1.172598910278144 
57330 4.75142413321149 2.3179265571489394 0.8982414866864649 231 241 245 2.4856043155477607 
57313 4.017771946398497 2.892624760951132 0.06435528851867067 133 145 159 0.6589005319920033 
57306 3.777327262874239 2.5772060687004155 0.813569224948543 52 61 70 0.7300909452294713 
57300 4.74407492057098 2.7919004751212952 0.6328611821214772 93 97 98 1.8754458265027585 
57292 4.73870016445502 2.420561595887821 0.9754598817617588 160 165 171 0.832743563628283 
57275 3.91966922176076 2.4837379724688593 0.7965025523530713 207 205 190 0.3309552721403539 
57272 4.050853441459035 2.562159049596469 0.8109409215532997 118 128 140 0.6399757342199525 
57271 4.093403284481141 2.5804261503689414 0.8108673164499108 100 103 110 0.9445489480923068 
57269 4.161259210571084 1.9342460648308408 0.7822324958788605 32 35 40 0.12718094192800214 
57267 4.35923597476878 2.3765476637947387 0.8168609436981404 157 151 129 0.015042238281895106 
57263 4.541849550902348 1.9100841615866941 0.8087402523636207 125 134 141 1.1076863093007585 
57259 4.65538636029627 2.5923812776771302 0.9283776852067772 136 145 154 0.5200153616596018 
57253 4.813944947522927 2.5995760973835647 0.9648966753897646 106 104 107 1.1801838576550083 
57252 4.907474197870972 2.9844123812139616 1.0445830668575153 218 239 244 0.14945821738573942 
57251 3.279310451155417 2.65867605551471 0.7780121077093081 168 168 192 0.3914609584694289 
57248 3.491203903416136 2.457939783774744 0.8570918354986871 117 136 108 1.223313951704753 
57242 3.6840074719209612 2.6094810036553686 0.8062346540901761 38 47 56 0.7712366688290663 
57240 3.6496514860662512 2.4866941755032954 0.8131853065488065 91 97 95 0.6783827096725228 
57230 3.9394598115781436 2.451683868131342 0.7760733018382585 78 79 73 0.6419162623250574 
57229 3.9242696738581473 2.447101803103182 0.7912742767223231 174 167 141 1.5912050799170503 
57225 3.9218793650569648 1.9442995294483711 0.8384504390550153 0 0 0 0.01703472255010796 
57222 4.104377905576927 1.9100470927006445 0.7703462154357398 143 147 145 1.8119285969863559 
57221 3.8347994900908273 2.135527172598696 0.9568510337853797 0 0 0 0.017813172883986008 
57217 3.8986327078506333 2.103420885987875 0.9553267765384832 57 68 74 1.4668685529090952 
57215 4.678507857267348 2.8745058167745277 0.750113858196937 22 26 27 1.2007584763205859 
57211 4.697809556209856 2.4851220599735027 0.7584372508492823 162 167 160 0.34974229785530236 
57210 4.466600159199391 2.337908094943828 0.8456991850926647 0 0 0 0.39562269392977323 
57209 4.4654632164037995 2.2077262615671795 0.8418628400518149 108 113 109 1.1786348074715394 
57207 4.397362434108985 2.0818047970659386 0.8743723049036534 137 142 146 0.9023401685870804 
57202 4.7992462519998496 2.7225286261143298 0.9131665310832888 148 162 175 0.09830163937877359 
57197 4.670695029527907 2.1909524697947544 0.9777163451940274 112 120 122 0.877314475920107 
57195 4.922525360516756 2.999848442674725 1.0257023329902484 144 163 181 1.0498209980966513 
57183 3.8419508167639416 2.627538769403154 0.8027193167597828 94 102 113 0.0670699190807527 
57181 3.7138981864583935 1.963281416262397 0.770923796974638 98 81 74 0.7298659104165894 
57180 3.972635748614171 2.6694278539431027 0.8004644552782355 88 96 109 0.8192894217815788 
57179 3.7684662352994764 2.12005680596308 0.807080670116165 82 77 67 1.5592871687726837 
57178 3.795643668363229 2.0914502697658977 0.7914557954085119 173 171 159 1.1728800722820674 
57177 3.7954945412261667 2.136611604561092 0.8062955594195645 177 167 165 1.7482391493369835 
57175 3.75875972523552 2.096094184621883 0.8415073281367524 35 33 28 0.17350525441994102 
57166 4.0562737008109595 2.2378711270008456 0.8304543160883807 51 61 63 1.6563433163233907 
57160 4.255945951165415 2.079181871660821 0.8137810316867132 79 88 95 0.25473822433931204 
57159 4.4439898590496885 2.4083655893676594 0.8119585224351132 91 89 77 0.3699760586028261 
57156 4.693058729743148 2.859805951882165 0.7676199295319024 92 98 103 0.5882868782389701 
57153 4.446549331714481 2.2469967218248783 0.8333730541994544 191 196 189 0.513280734899623 
57146 4.442769136876416 2.192570269132487 0.9601469431258292 50 56 68 0.7548610781896973 
57140 3.6190902365030766 2.378041080998324 0.776483941676432 134 132 120 0.1829102060702076 
57136 3.740300482999962 2.6664423491874705 0.8011375103648348 61 69 82 0.406980653461859 
57131 3.677340305771795 2.3737929912273703 0.7946463739260923 46 38 17 2.0501271079757597 
57130 4.615365041717391 2.5883911157171102 0.10951817582987466 94 102 113 0.2628789161916584 
57124 3.8349521287130615 2.463723796116654 0.7742014222146496 157 150 134 0.6007043546603063 
57115 4.026904195550197 2.3792942686120577 0.7662305487920008 209 177 157 0.4901828475391583 
57113 4.007083473614817 2.3764580014592482 0.789675205739345 170 157 149 1.1191992363770376 
57112 3.895983626784672 1.9586620339210858 0.7774305557054157 90 92 96 1.674570047925507 
57107 3.972924497933735 2.075584020256645 0.8246423446194282 172 179 185 0.20890553315482152 
57106 4.024565296660919 1.8995768729377223 0.7790853029001618 204 208 211 0.6265628020068263 
57104 4.0980499889351325 1.9710294112386475 0.8010393631884651 133 136 141 0.09197305304207312 
57098 4.209880462673584 1.9106291899609984 0.7934538262023721 53 60 68 0.8756158461262453 
57091 4.33006099028893 2.004426178186293 0.8135691107122395 16 23 31 1.1825625680246994 
57090 4.315077500025072 2.0024405922479294 0.8393260704590343 21 28 34 0.6486564666894641 
57086 4.698040424052651 2.872970272078226 0.8171494892651111 10 13 15 1.472061544889982 
57084 4.3808296976501095 2.1936742868206776 0.9584493977021555 135 139 140 1.4653716740762832 
57083 4.402541419791752 2.1861495202856673 0.9540474394317903 143 148 151 0.7531059160083535 
57071 3.799511714628307 2.2511065636632166 0.8042291468863291 28 28 68 1.1885951984196244 
57069 4.133728363961491 2.6647047458211657 0.7692818574598123 241 243 239 0.26651111902077346 
57064 4.093084586620525 2.5898685649562934 0.8054785245211219 32 39 47 0.6980488392517467 
57061 3.967986794700899 1.8733258081226554 0.8002600615625863 146 152 153 0.3329046532426786 
57053 4.198054685203629 1.9260738435093745 0.788438416195754 16 19 24 0.5674814340397188 
57050 4.3988719509117775 2.3851676424478123 0.7932457360247158 134 132 120 0.20920341659159386 
57049 4.3538370471261185 2.229964102753572 0.802245566701181 117 117 113 2.0659765097349974 
57037 4.768239372773931 2.764409736053606 0.5907140371244614 108 111 116 1.5159976465100704 
57025 3.6026970629221147 2.3510055440569473 0.776132219965599 189 190 162 1.5928239366070276 
57017 3.6515840678125095 2.5906404079376375 0.7767386003713813 183 173 151 1.4846781512443945 
57016 3.750532228260239 2.609832931779675 0.8079585490157486 45 50 57 1.6603259553902414 
57007 3.8745918999878364 2.4571710221886556 0.8740598191291233 215 223 236 1.536506332033801 
57003 3.445053659549907 2.467825894801889 0.8264953134915041 163 154 95 2.3746119043607306 
57001 4.110197627849375 3.0314824288374447 0.5656762849896837 79 92 101 1.402344328364979 
56992 4.502388070938562 2.686640818930886 0.06843833953573042 48 61 70 0.33081265617490696 
56989 4.075899130410098 2.0184007476027945 0.8024192680437583 49 56 64 0.956668023564863 
56984 4.048816861250303 3.041732429251908 0.5520796556927647 28 43 64 1.8862854924081376 
56979 3.776177285866891 1.9970884571820033 0.7870804777596101 39 40 37 1.0818678061779974 
56971 4.665314423793008 2.7118207359744604 0.7062238486100765 133 142 139 2.105851371911824 
56969 4.6720919271486006 2.4262448224209923 0.9356094072212147 82 94 106 1.3089073412206884 
56968 4.911913431311007 2.4227530314479457 0.869512877663194 117 127 137 0.6588788382446094 
56966 3.126443444006053 2.572984798551399 0.7782077469753153 150 142 130 2.0593272849507054 
56963 3.352051705505984 2.283779905580178 0.7987365640176834 0 0 0 2.927741907318488 
56958 3.5699909083483887 2.5229061519061355 0.8456365723300335 119 129 170 0.6491135590830097 
56954 3.8389630063644504 2.4910683634515314 0.8588606278966675 230 230 230 0.865685354666795 
56953 3.832893679469716 2.1127138942003643 0.8075831629959108 0 0 0 1.5774594618140894 
56951 4.075323388320227 2.367465935791359 0.772630274947329 176 131 96 0.08468011382262411 
56950 3.76093669802196 2.050372635588527 0.8976802621450934 53 58 64 1.0171454174029362 
56946 4.116601262868056 2.223721593180797 0.8204329458584707 185 194 203 0.7103131379697382 
56942 4.063140592669488 1.9372303756320286 0.8196746885032513 240 242 254 1.8240413175162251 
56936 3.5976910567705658 2.799279350771486 0.07040550847077531 95 107 121 1.216478182690558 
56935 3.7269556392024454 2.984426430388879 0.06058367377233109 84 96 110 1.2439420797673868 
56934 3.7585036372144653 2.9906986593586264 0.06849116614436879 85 97 111 1.2055252243252754 
56933 3.5676647083023663 2.673461648751078 0.05150956471579371 42 52 61 0.13335574550451673 
56932 3.888318383840815 2.8812782496529143 0.041956745960295194 94 106 120 0.6537153683628766 
56931 4.514756847163296 2.605199744648456 0.06669210685025129 31 40 47 1.1489116062425537 
56913 4.0000047014706475 3.0145520511556314 0.06347207657915477 85 101 114 0.5302442316097848 
56909 4.611323526599052 2.676185013848398 0.08660528487210617 41 51 61 1.3399011127623413 
56908 3.6094897889134088 2.5303375121161986 0.8228770409130785 19 28 11 1.2074473553878529 
56906 3.6765191568346376 2.5816392257019634 0.8105487286721753 0 0 0 1.6297540761444294 
56904 3.822839375826715 2.599243977803927 0.7999440576769026 49 58 67 0.24067743440719377 
56891 4.1608238973620875 1.9010100618772519 0.7634750146213845 209 212 217 0.6774964204091982 
56884 4.871136442283959 2.1545042368930902 0.8503400334141131 97 102 104 0.8329489319216723 
56882 4.007562132486052 3.2710288954443403 0.05350662415815566 86 96 108 0.5478949371803209 
56878 4.065396457749481 2.9969843595293018 0.059371606725103554 114 124 136 1.1427045053679143 
56876 3.3211470250810944 2.5042323859314988 0.7885768791096774 76 123 167 1.9466782562640506 
56873 3.6961503859341867 2.6912463916047002 0.796071786746375 54 62 75 1.3085269691633075 
56872 4.665521763229367 2.7611743543094818 0.09901242782138042 7 16 31 0.4944365986716149 
56871 3.6912717044628636 2.635727792398044 0.8016436788307789 40 49 58 0.5270514432003713 
56866 3.8127189365031446 2.6354374135516823 0.7983957952581958 93 101 112 0.3667563624598105 
56864 3.635439814276398 2.26943014074 0.7993609380619608 37 43 42 1.775664804483671 
56851 3.9846073971523994 2.0630831105585203 0.8408448513034272 197 200 205 0.6063969957837184 
56831 3.28717521925227 2.5281342716590265 0.7931830827803464 121 136 177 2.1020553304980165 
56825 3.68882183741112 2.658130856414468 0.8052344260861739 46 54 65 1.1229232742489421 
56822 3.715557533606184 2.6774410051632938 0.800508584003607 97 105 118 1.017430771708328 
56811 3.850582394935203 2.079695866592198 0.8230329807911151 187 192 186 0.3088113666183277 
56808 3.9526684910036076 2.03626421683752 0.8064668156047592 204 207 214 0.5021002247019852 
56803 4.047159022235993 2.199941869865017 0.842869136570921 23 42 46 0.8288583862330771 
56792 4.363518877045394 2.2008668337520554 0.7914273487218081 137 138 132 1.9786619653014288 
56790 4.561816581223123 2.3196244779888304 0.7490679196227897 164 161 152 0.917251716023435 
56785 4.491253471714157 2.1171584565252726 0.8620076709005023 165 169 168 1.2961081353434236 
56784 4.551418558383109 2.086750830349844 0.8542010619387899 152 156 155 1.0172848494864477 
56772 4.371688295589617 2.4869835361598978 0.07877478151347939 3 14 21 1.1860446561106863 
56748 3.778739790501671 2.049522194484488 0.8553472248176123 150 147 142 1.3942343843790637 
56739 3.9979098037919965 1.891309798815199 0.7702859625752496 205 209 211 1.3259403037269906 
56734 4.065839375182354 1.8714162086101556 0.7830004494591292 193 197 196 0.5213384780224456 
56725 4.099218583833077 1.9305454375156068 0.8457295610593408 14 23 40 2.2336763415275156 
56710 3.649192734603519 2.5240207674460122 0.7847387874177594 138 146 149 2.137292899178212 
56706 3.707428608029982 2.6218680432813466 0.8025796327159834 4 10 19 0.906875905667062 
56705 3.743222034933085 2.6919966009223133 0.8026745240635229 149 157 170 0.5923369995187667 
56703 3.6077718697108128 2.3785053471676956 0.79151231366538 158 150 142 0.4467956583513808 
56700 3.654834745871474 2.475186124135063 0.8186600629774887 157 148 139 0.7120313393299627 
56696 3.7268761323142785 2.4245321925930314 0.7801534156259566 194 187 161 1.2702636564041654 
56688 3.9424999490391626 2.63401081631221 0.7661596805403362 102 110 123 2.1067323095434576 
56686 3.792622133536341 2.444308877880921 0.8270190118494504 62 62 61 0.8353596204559275 
56685 3.788382435049095 2.3519555423795637 0.7975519875897903 138 120 98 0.6237135734598881 
56678 3.7923276443074934 2.1709075781099134 0.7993397133518085 126 85 99 0.26045947868025127 
56677 3.6088981374906552 2.084957153697328 0.8884780073036684 53 58 64 1.8783314732258767 
56676 3.9808116021003808 2.5779965826104965 0.8087935086156373 104 114 126 1.2022103881889417 
56675 4.0024116391872075 2.385489093499878 0.7847968864755711 172 132 107 0.40496205637503363 
56674 4.0118266384080306 2.3730416242931005 0.7837561277232544 129 111 107 0.7352909803341976 
56672 4.062412618045963 2.385532449997277 0.7809508795031456 192 177 156 0.5182380868413277 
56670 4.078473032987075 2.5648079135803883 0.8170991235429123 136 141 141 0.9057632451440659 
56667 4.096691654448716 2.376729039500976 0.7842037830372628 128 96 85 1.3500659085196542 
56666 3.9402688980130405 2.0637451025922853 0.7988348019002025 178 185 193 0.5450530438399327 
56661 4.147537367920293 2.3152157599616645 0.7806135575362791 143 144 136 1.2150354198244082 
56660 4.002201048987406 1.9226148363391269 0.7857159326541552 23 27 30 0.039408432001618116 
56659 4.031536903605844 1.905424957264447 0.7710144851340189 0 0 0 1.1863919816788773 
56658 3.9714968181479846 2.1036714386698128 0.842503597539963 175 180 186 0.9596968345869112 
56654 4.1784873396956925 2.402735344127904 0.8166388537661713 148 154 144 0.9321158496190612 
56653 4.079251898291744 2.094876290169441 0.8115798270706597 175 183 194 1.2786443581359521 
56652 4.128238421678989 1.9751814836795878 0.7793549712937562 6 14 23 0.6019284311736192 
56651 4.194909900211697 2.3825306214674766 0.8212094686512008 2 11 18 0.20981050914696453 
56649 4.691261239222864 2.749083785166958 0.6565030173891143 88 93 99 0.6586981140379171 
56647 4.128087716914887 1.8988746328241417 0.7817990132523918 212 215 220 1.0103995795420273 
56645 4.297827616409011 2.203359805282842 0.7881042447975141 21 33 41 0.22353952548660153 
56644 3.907016724784031 2.1034474752836894 0.9455463404723498 173 145 157 0.8302832226089798 
56641 4.352292651761746 2.1644216166939905 0.7921894264709819 146 147 138 0.5140837157859925 
56638 4.512558683358762 2.3276617930340335 0.7959120206290833 164 163 145 0.6357656634920076 
56633 4.493708186385515 2.2215866770231223 0.8316407731102134 101 105 105 0.7954375825487311 
56630 3.4785072905265473 2.6393614504514873 0.2641134993465837 85 99 125 1.6105909058687504 
56628 3.208897937918145 2.1712780235644353 0.6286219782394433 216 222 238 1.4548938986396522 
56625 3.7113602077324024 2.6721751898396526 0.7924723777387691 102 110 123 0.4386237310754011 
56621 3.616521869439859 2.424724715691629 0.7932696185177067 104 106 101 0.41437807970118606 
56620 3.675845236255268 2.5990628224359984 0.8160105548418214 58 67 76 0.8119501811699418 
56616 3.709730830576401 2.2649832047844027 0.7033231184853014 198 192 173 2.303570673504745 
56607 3.761362914714561 2.2568981260991205 0.8012693255666593 117 78 80 1.0724175837122365 
56605 3.930080939317874 2.4398743588691514 0.7821958461281071 166 160 133 1.0961217961281167 
56601 3.9613077948326807 2.1573411385657164 0.8214376514719828 160 170 180 0.13566749614532086 
56588 4.1834133815897445 1.9332911144055345 0.7931970560948985 66 69 74 0.27801901345473506 
56583 4.415091401529786 1.9435024492916393 0.8021179380086537 102 107 111 0.722115849432263 
56573 3.6504206244788704 2.4937509986802286 0.8318529024521231 151 141 131 0.7775686890694276 
56569 3.577988756474641 2.3065308839458476 0.7905777457014168 91 134 123 1.8813070111975039 
56566 3.4213647050431875 2.2131679515901883 0.7784078020744515 121 125 138 1.4396829564062819 
56565 3.2132767496015204 2.252597009990338 0.8278180249980878 170 180 194 1.475120384491774 
56564 3.7875902189087736 2.588939792606698 0.8083772562375685 22 31 44 1.3578638920109838 
56559 3.4861778240468437 2.5047840028066686 0.8446581621470489 104 122 29 1.1437718638781063 
56557 3.987570207946246 1.9194951400823972 0.771209650585328 58 60 65 1.605390182997132 
56556 3.2355101072157875 2.412176808927442 0.830138376719237 173 180 194 1.0994526799218585 
56552 3.2415942060519645 2.4709260889134206 0.8046902433341029 102 93 78 1.4323125009228967 
56551 3.655320988420414 2.4551871768804396 0.8004825072449916 13 18 24 0.7008231913960496 
56550 3.90517478594519 2.3316650860855175 0.838998354690056 199 208 226 1.0190191989122976 
56549 4.318715714876376 2.2938716171728704 0.805192758321502 109 105 94 1.816867002548063 
56546 4.232949471283161 1.881070669054982 0.8020107943414112 8 16 27 1.5000829663360504 
56540 3.5234207264825756 2.5272896944362073 0.8433606667184341 28 50 145 1.625425829932734 
56535 4.685271822871322 2.877878139412127 0.8417268314192082 172 177 173 1.1747330158902651 
56534 4.318631936910568 2.072078040069539 0.8502415433771779 23 34 43 1.9750200433175318 
56522 3.1256310910335268 2.5788026469733203 0.7778401204193919 186 178 155 1.6977229615321274 
56520 3.186908356851309 2.6535897983744454 0.7806964843622219 202 193 224 0.6573509493521361 
56516 4.689312792158442 2.6463391527482663 0.1280155972079282 0 5 17 1.1463637675234344 
56515 3.668450617097903 2.4799342684189547 0.8101780708534586 182 174 153 1.6655127124459 
56514 4.126004376135519 1.9282691282238036 0.793948014218445 16 20 24 0.6539526778130158 
56510 3.7569267797715966 2.8443065520324415 0.05276889574423582 76 88 102 0.9242581925598791 
56506 3.1468265176026087 2.528531027848318 0.7769119653657496 47 49 49 1.089588036528086 
56505 3.072646610270805 2.424553281391034 0.8040582026008052 146 140 140 1.8278651181086978 
56504 3.546965673272563 2.5872093441360526 0.7783761447831347 210 199 170 0.9023895817332533 
56497 4.27891415107255 2.329889655747915 0.8118990801946763 171 174 163 0.8999124586848886 
56496 4.164795031029848 1.9753103923923367 0.798635343266605 116 119 115 0.942512597735352 
56495 4.137449569008128 1.820597339969419 0.7834316503938175 33 40 47 0.902159575564101 
56488 3.746508457966365 3.019630258003719 0.06257133765430645 85 97 111 0.6235992126443491 
56487 3.0269338774987746 2.632907580233368 0.7690231223492622 194 152 71 1.7148917053391939 
56483 4.1510007870776136 2.8854365639433714 0.061479694052217315 96 106 118 0.6547045623519209 
56482 4.476043757493393 2.5586693606515705 0.06693216714087513 3 13 22 1.4723093629889148 
56477 3.7774858719434286 2.5664948480792003 0.8025219649796148 50 59 68 1.3406227308726828 
56475 3.793555345399761 2.3046380507318034 0.8172617911960446 13 63 123 2.0676712005163407 
56474 3.9785682768250386 2.38623839756794 0.7894936023144771 156 152 153 0.4236139552912179 
56473 4.132376472575706 2.158253698202502 0.8102580627816383 27 37 47 2.3631491842405 
56468 3.505480107821475 2.8876257786661745 0.06281925867483307 68 80 94 0.47993817235086556 
56466 3.628518497430743 2.894963344452017 0.06533693749493574 75 87 101 0.7043163939206698 
56462 3.8531673788658 2.7913890943463775 0.06315258916960964 92 104 116 1.3103594061142463 
56461 3.1354609878781248 2.5552071556705886 0.7651686134732897 59 56 51 1.1932692887689704 
56460 3.33032462671697 2.5346150903608513 0.7803696424600503 184 184 175 0.15398519857318815 
56457 3.665799055391774 2.7165533967631026 0.7767363972422255 201 200 180 0.3559946377495695 
56456 3.5146414456202355 2.456983924902942 0.841174483797409 175 175 104 1.2231780500844085 
56449 4.696747363653594 2.9155712695281686 0.8436851552955552 187 185 170 1.018699206586612 
56447 4.560040088064663 2.1425927914048746 0.8495172027186311 156 156 148 1.1877901871342622 
56443 3.578495742188073 2.8054453638657297 0.05293901053881811 58 70 84 0.45432596303595085 
56440 3.7967664824640184 2.8650699535582014 0.06543329111679053 111 123 137 0.9594356875689777 
56439 3.904284918874885 2.8611353718952843 0.06245209293021503 108 120 134 0.627535928251795 
56438 4.033888971933361 2.8894986782588754 0.0695568568649112 70 80 92 0.4506297318078949 
56435 3.284228745107255 2.4709035474516545 0.7964382683338649 30 43 78 0.6003005213107859 
56434 4.406667853202217 2.8096769997851783 0.0657273818885089 37 51 62 1.2473168824240461 
56430 4.710123322603438 2.7615903631737733 0.07097724314829912 7 15 30 0.5006077918477225 
56416 4.142101916470555 2.392580199957923 0.8324504465182349 65 73 75 0.7793622622086205 
56415 3.9572693371555627 2.1059892201340604 0.8461043092041459 35 38 43 0.1263735882426818 
56414 3.981048898368145 1.8755729486316381 0.7967208827101998 221 224 229 1.0898454574105505 
56413 4.002129663272063 1.8530334655926106 0.7972014856955187 218 222 229 0.7130710939015228 
56410 4.177465303431549 2.009922504646343 0.8510937885232859 7 15 26 1.5319538889552486 
56401 4.13298990336501 2.9935993488138335 0.06585382828406705 60 70 82 0.15430964037872 
56397 3.1925787822623515 2.1605984423083253 0.845789476098841 220 219 227 2.6216112136298215 
56395 4.6990635516723405 2.6246259584282816 0.10833406314836935 53 59 71 0.715184081620638 
56394 4.702254400188061 2.623727643967825 0.10564256141094863 53 59 71 0.7535564347208463 
56393 3.6885203957525645 2.678421816067917 0.7971993669934547 159 167 180 1.0007561793709154 
56391 4.756806422098499 2.467864338043489 0.08737846350860701 0 6 9 1.4100816980836381 
56390 3.6584586826354872 2.6550700322164973 0.8463741661650185 37 46 55 3.194617221204182 
56383 4.086959591623886 2.37713485725041 0.7973721979403118 191 196 199 0.624257614928169 
56381 4.025740348454502 1.8914895459563204 0.7601024562653151 121 126 119 1.3042770566896034 
56380 4.0193884960914446 1.853564786283696 0.7870288895428023 219 225 223 0.7704526165431537 
56372 3.5138609845965876 2.648406280694343 0.13798612145789702 116 122 136 0.27875585963146005 
56369 3.970471066078929 2.9925700776652815 0.06799461298567744 73 87 100 0.26525029601218747 
56368 3.9189117367861686 2.813396804618506 0.05594929364540846 97 106 121 1.0932486434166715 
56366 4.2851018798684715 2.9417751589396772 0.0683159992045046 99 107 120 0.3669377647000888 
56365 3.2100904258815888 2.4874892444513974 0.8166017739597442 105 96 90 1.753140671298972 
56361 3.152299776591193 2.263343582709244 0.8216486530525108 180 188 207 0.9336890982888413 
56359 3.5256141636613654 2.561560988658388 0.7836326529343814 169 162 96 1.1045969870994055 
56354 3.6646228476304734 2.508987050818853 0.7708246493860885 137 146 144 1.8586487651063885 
56352 3.7649579999562404 2.328930960333129 0.7786540572284503 53 36 16 1.338678245144048 
56350 4.0954074803477445 2.5420325932707675 0.8024476997045112 106 108 120 0.7929338375654975 
56325 3.4754244666986898 2.5020277757331795 0.8372732548538683 132 120 33 1.4517195727624828 
56324 3.4143449703601236 2.2192167632012505 0.775403508282379 204 194 179 0.8229355756254993 
56315 3.655440023846737 2.476127828108296 0.8228382353285254 58 47 40 0.4526691578480212 
56314 3.6284950720751272 2.2620055644787067 0.7905418041615447 115 118 116 0.9145394513925145 
56312 3.709606010042895 2.3630334084682905 0.7919725924502946 84 75 58 1.256484496899101 
56294 4.3976871255844046 2.358595134273239 0.7794989763038479 174 168 168 1.165517726554923 
56291 4.265619830384266 2.4012987472443275 0.8504970361539302 53 47 33 0.442309151123678 
56290 4.150207536023407 1.8203247088616368 0.7900096051438905 60 68 87 0.6241582857988274 
56281 3.8248606033821817 2.465280072313582 0.8677816600968492 210 213 216 1.5963319721918598 
56276 4.174964481001879 2.011936205604089 0.8032230982312237 100 108 119 1.0017792945865645 
56267 3.2127984241953293 2.013762784573178 0.7112313131898358 222 235 254 1.6939909256668257 
56264 3.1554683384222515 2.471423579104137 0.8014758556366035 78 83 77 1.3939364042693465 
56257 3.4153108497028324 2.2136927646302205 0.8561553074961136 92 121 124 1.7206963834104498 
56254 2.9815350008386887 2.4405936848848504 0.7723614235282623 193 159 96 1.8312830405040625 
56252 3.293893241400263 2.5238774647192397 0.7910270302843075 20 39 60 1.3955022649067754 
56243 3.5614506188949 2.2920640957037612 0.7897985938924063 177 172 150 0.6610392026742555 
56238 4.22633511938885 2.3490358623553123 0.8103458654888439 21 28 34 1.077640053386719 
56234 3.730369398398989 2.561094584670795 0.8012487033799888 78 92 101 1.0676157156751471 
56232 3.599924363154492 2.341967392479858 0.7890941899565105 87 113 107 0.6683530059908148 
56228 4.200422113173053 2.3181692844874355 0.8163347167459375 125 126 112 1.6845928092097209 
56224 3.1493784568544396 2.6390672708537095 0.7817674598803063 214 213 195 0.28420524956616267 
56223 3.1762892039941923 2.549716786013873 0.7813153702049942 205 207 185 1.592442521923255 
56221 3.571995200790939 2.5659739888911437 0.7711755012494717 204 199 174 1.6349676074537638 
56217 3.3570781410705823 2.575270268549058 0.2863494538955258 3 12 29 2.307476421494153 
56216 3.8000496097624543 2.6484109943477114 0.055619233937443724 68 78 79 1.1127759573253175 
56212 3.0974739103016273 2.4082036573218772 0.7668669782611279 103 91 75 0.8937830317753918 
56205 3.3100475766642314 2.249516094606912 0.944156510422945 37 45 56 0.6569033607904978 
56200 3.4017604534366717 2.7110380224439634 0.059476887198200545 71 84 93 1.114039731238792 
56197 3.427286907689463 2.6523122124045027 0.06356362663340254 43 57 68 1.3229212205479615 
56194 2.8080154420562593 2.4593208913563704 0.7733884945172642 204 216 232 1.0401033007334253 
56189 3.049910820844417 2.11045628948923 0.8036003937458899 109 58 77 0.48099297478908165 
56185 3.55852046605947 2.538936918054514 0.8458410648464277 90 85 91 0.9021776695721611 
56184 3.5058949965306243 2.4567499278091733 0.8439520051728897 127 123 94 0.985119917574639 
56181 3.2382640563874494 2.0280672336594385 0.7923875399742697 101 109 112 0.4658188636383387 
56180 3.3505530657161184 2.119780801850741 0.7907064332646607 178 190 204 1.0731803641719693 
56176 4.039564142477634 2.407440316835247 0.7871698552397803 57 81 71 1.0384559553885 
56174 3.5059432221003224 1.746754285903179 0.7879377542183673 49 48 55 1.982572892889634 
56173 3.740606248331277 2.0644810384505177 0.8894786081728882 210 218 221 2.1360867207201646 
56169 3.561004587359548 2.989266755411232 0.06425185247483967 99 113 126 0.4927985928558652 
56166 3.581086220536176 2.905816111640188 0.05970911232927745 88 102 113 1.794038245568633 
56164 3.658394078600608 2.950270241346296 0.0656071807081049 76 90 103 1.4386576888830644 
56159 3.8453607743059552 3.0031199337524326 0.07309970787365527 98 112 125 0.678947671414099 
56141 3.653260543822588 2.5024375381391475 0.807007543133314 84 88 88 0.6497916080782006 
56140 3.600599577118652 2.2978082085025147 0.7843585382823477 69 90 83 1.3502890175320268 
56136 3.2659313821672953 2.778027655806338 0.06601155605829168 53 66 83 0.6903130698013199 
56131 3.5952984370730103 2.9571769906500025 0.06728322882203641 97 110 126 0.8058073743126416 
56130 3.669055614917125 2.9761004124044566 0.06741944456419957 105 119 128 0.34475235332682286 
56127 3.581571609706083 2.868106474134845 0.05867225980676305 90 108 114 0.5391727939253456 
56122 2.900845418136073 2.7581855212678574 0.7946371600724326 109 113 124 0.5543918576588208 
56115 3.4623389442386685 2.549241242056111 0.29150830879958933 1 4 15 1.4091794002923947 
56114 2.9778203119390763 2.5302746301588326 0.7818138179871518 220 196 110 1.4640679471219362 
56112 2.934693532082345 2.3922140563776955 0.7673458839899002 0 0 0 1.237251414427654 
56111 3.2921961424245443 2.6743813926944426 0.7788050040292234 200 208 228 0.9038051439257717 
56109 2.966991755373928 2.420478965857292 0.7860356520922268 137 130 114 1.2586659481703815 
56108 3.3056968312859722 2.452199537275973 0.793750362376879 117 100 107 1.2052340884604287 
56107 3.306010727673525 2.4464038609338123 0.7961916676847594 171 169 155 1.8950388165360383 
56104 3.669450737399373 2.617629662191158 0.8052112838193694 44 56 70 0.6046823749370239 
56099 3.8896943430496203 2.6675244018316158 0.8027583282366417 52 61 76 1.1991457278637125 
56094 3.569210911419059 2.3136215293538944 0.7947292061050377 83 136 128 1.4664724112746843 
56079 3.5688520587658985 2.9652856585170615 0.06039369061742139 93 106 122 0.36581658968330993 
56071 3.3161978851176337 2.653253037124407 0.055900411561754515 63 75 89 1.6321916465398831 
56070 3.8482234853505672 3.048016458956427 0.06338647580959078 69 83 96 0.7797882783586119 
56069 3.762717049731389 2.9720843984599377 0.06280856700220405 97 111 120 1.3446303406149966 
56068 3.3996700199467638 2.6522186312714133 0.07224659274145417 55 66 83 1.1745261179304454 
56066 3.700180275587284 2.8093664980719817 0.04491131001249404 81 95 108 0.33566744190385517 
56065 3.429081014009292 2.6418623206872356 0.29306652597165006 1 8 14 1.7397972147689964 
56064 3.99109090773815 2.8441768815800574 0.0606470462257922 84 101 111 0.8411552565253936 
56063 3.0330226377541782 2.622416747657858 0.7767575618585179 255 225 203 1.5368353007114313 
56062 2.99296441606441 2.539843598017131 0.7938507132171637 0 0 0 1.0766202076497482 
56061 2.939870529831458 2.4838943497176027 0.7795787807966839 188 151 56 1.109324888287019 
56060 2.9210238032632927 2.395902032258302 0.7832608853067049 150 75 82 0.048640572471615476 
56059 2.931339787842716 2.3924000347093424 0.7794637897371295 173 83 94 0.14400760958112047 
56056 3.0290462192376078 2.4289945955372456 0.786962061362621 143 154 148 0.8605781286925471 
56055 3.056599625157604 2.3987768082857555 0.8140698581425991 0 0 0 2.2600544866845227 
56053 3.0397588025044873 2.3981023983541556 0.8357985015266027 0 0 0 2.334939100202248 
56052 3.327197810969852 2.4761568688033604 0.7987455779637469 96 112 117 1.9011272155703256 
56051 3.4464278527747028 2.471702758867123 0.821726966947016 125 118 90 0.5245891826185951 
56047 3.8518875871789473 2.6783882600240916 0.7986652007291969 67 79 91 0.9939686872959541 
56041 3.3011196548835544 1.7171060127547193 0.7647674069841567 137 138 133 2.450179462090729 
56040 4.026260722046519 2.398013118477904 0.7825103968939476 190 170 152 1.5268351395106232 
56039 4.036460946995611 2.374891789050461 0.7774309888502401 211 169 144 1.6133369781724856 
56038 3.7932037438592614 1.9655211910483321 0.7634595058010516 83 89 92 1.9577880615869077 
56035 3.3992549937269825 2.868414696866529 0.06269355171054403 58 74 90 0.5820317534207214 
56034 3.4840701906669094 2.895532263445827 0.0629928152555781 58 71 88 0.5438675900800626 
56031 3.048292834029414 2.589804603936804 0.22921412022393017 77 70 64 1.8546099003516876 
56030 3.679391113336679 2.918222598341475 0.06471244538996879 79 93 104 0.9252091412796777 
56028 3.5787243608550154 2.7998528374523985 0.059467328905122185 79 93 103 1.024584347942431 
56026 3.6443163320782244 2.834331547057926 0.06371177464788169 56 68 82 0.7769347516910957 
56024 3.7093539612044077 2.8311163256780043 0.06587558193483778 63 75 89 0.5027503130563491 
56020 3.374590050092461 2.640977921069504 0.28627053857261475 7 16 44 0.30212728449894544 
56018 3.359604109317876 2.5917778624115373 0.3039171035041355 53 60 76 0.573821529542719 
56012 3.0690498268250863 2.410609286710916 0.8242810990348515 123 139 163 1.190747641182434 
56010 5.91085595040424 -5.1941860722293915 -5.047635177811167 220 232 246 0.6386404976273543 
56009 3.2600751465663995 2.414526644825615 0.8307546570222726 168 184 199 0.7042452303116222 
56008 3.4550831103121054 2.479097167417371 0.7903934292047162 135 136 128 1.30073000510444 
56003 3.8291447925457187 2.684397253583642 0.7977952852884354 116 128 142 0.593924211035393 
56002 3.8444365933467575 2.680861330803137 0.7938038869392844 118 130 144 0.0074006618212598355 
56000 3.799376183878308 2.6225063072184263 0.8060974604952171 129 136 152 0.8425167022890702 
55994 4.0285349876444485 2.654417932325857 0.7966176515697517 98 114 127 1.173818770035157 
55992 3.958154444850296 2.437200212505956 0.7750810878516522 121 121 112 1.1274577548335005 
55986 4.158580450933276 2.3725236008426998 0.8231953443619626 30 37 43 0.7339720312463237 
55985 3.8474817121408154 2.0390884382140104 0.8197868477353301 82 87 95 0.5479902734110677 
55983 4.034682900137902 2.0592152308000866 0.823205734554854 24 32 42 2.6960963247241367 
55982 4.3415678034707454 2.223540883342123 0.8065098956483786 84 85 89 1.5808992286964412 
55981 3.6233295714798874 2.9586999261207976 0.07534448516430525 77 91 102 0.556667922872059 
55980 3.4800371426507852 2.8360146177182166 0.05863289096620994 97 110 127 0.4333585573285337 
55979 3.7475507715092533 2.989107333243986 0.0671596903175129 99 113 124 0.2502954514714097 
55973 3.3243069232559246 2.772226171510589 0.7748255935352498 181 174 152 1.2760468734017845 
55971 3.021429636441151 2.4207010661483914 0.7893782839119237 103 113 115 0.3025186977149262 
55967 3.2915774778946125 2.5207243327351168 0.7874489752084065 0 0 0 0.1929459321471177 
55959 3.7184680401202463 2.696187130043788 0.798542562353474 117 127 139 1.0324375845529574 
55958 3.1552592853452066 2.263755362879489 0.8221480645910011 174 187 203 1.13063040313889 
55957 3.7013674542275963 2.6488273781076925 0.8055991398014465 133 147 160 0.8367975292068022 
55953 3.2128682973338747 2.2532441188568244 0.8282551970959537 173 186 202 1.097534907424111 
55951 3.7552313196679834 2.6384300972184542 0.8037717652383467 8 17 32 0.7734789692289024 
55941 3.6244736613264563 2.26419651533035 0.7962634484320051 28 38 37 2.080372209460461 
55939 3.7025536014958376 2.2271001618005224 0.777074879518376 142 142 138 1.149332094053349 
55931 4.131257451416809 2.005242631507584 0.8051283259171298 36 45 52 0.8461321281087519 
55915 3.0841090898431807 2.4360789745246807 0.8242791460246411 129 106 40 0.703624581450878 
55887 3.7801321162095443 2.452529304064938 0.7868821605322386 139 136 123 2.36929878103003 
55884 3.4300723249103413 2.061563937464318 0.7783022977834413 41 47 50 0.6646709466039049 
55861 3.2323104322145593 2.4175186477682225 0.8295838824573236 168 184 199 0.9244203165229044 
55849 3.8321404270317254 2.48995139821169 0.810747308724574 153 150 143 0.7537194407466733 
55847 3.9464908060978905 2.446451251551531 0.7899676974290154 198 191 163 1.0805313629490458 
55846 3.310543281789942 2.0158783615827662 0.8457042519845719 76 84 86 0.28679518971669166 
55842 4.085294934290895 2.348852224789862 0.7894276545057547 171 171 164 0.6210074211414992 
55839 3.3830711635741024 2.0375683412517764 0.7697181596253615 0 0 0 1.551906771297379 
55836 3.3259526311560736 2.5089307912852346 0.7772853726799395 98 127 171 1.9865103480895114 
55829 3.9353525933565243 2.67427843955452 0.7967211383485933 132 136 140 2.0892545772688296 
55823 3.6611387896187533 2.6052072777541713 0.8080009801171055 104 109 116 1.7164787135983208 
55819 3.4448509467065627 2.466481688210057 0.7774413456706222 147 135 65 1.3464026486294287 
55815 3.6762631845331506 2.698842778914279 0.7920368508638416 72 79 80 1.3256661957176112 
55810 3.401061630976924 2.1983172426307904 0.826549607053742 69 80 95 0.8736157523918039 
55800 4.685681850495871 2.9907418333055142 0.26251131006206263 108 112 113 2.027535606765926 
55799 3.7105832393176037 2.349868793137621 0.7931040853441601 185 171 145 2.5511419074521284 
55798 3.3490958874759897 2.836239847486014 0.06550829534553149 32 41 48 1.3182307238461048 
55792 4.781911928217712 2.7649267817815244 0.19863545287654283 122 126 127 1.5942462171283365 
55790 3.447733375147631 2.9604904058394084 0.06407244136855383 38 47 54 0.9286605363278588 
55789 3.725888377369222 2.985317422344597 0.06328704518085582 45 54 61 1.7545763942031745 
55788 3.0176874688711357 2.4585559685198333 0.7738249769476248 220 205 199 1.0999443081421458 
55787 3.1297424645666063 2.5670863939656483 0.7697869829305368 200 197 182 0.13247141341693108 
55786 3.144039687647534 2.54079533380487 0.7776476496040967 27 32 28 0.8339110399037599 
55785 3.1527160319283674 2.5113193301357533 0.7739722364511162 109 104 100 0.9313231706264102 
55783 3.328173180334082 2.615964277203883 0.7753072327802841 198 187 167 1.4679496459554957 
55782 3.321636534382783 2.5952261276851596 0.7853156482396356 219 227 246 0.7334925419933929 
55780 4.5176156770363445 2.6840454928699433 0.06518311374852281 32 42 51 2.410170335338787 
55779 3.3601165566024966 2.0384624272087906 0.7785200759568706 0 0 0 0.903427995948647 
55778 3.756945635880756 2.2353418714756406 0.8030088697402064 59 23 33 0.5126034379090331 
55773 3.6606119522480842 3.0708783241069093 0.06400605293693284 71 80 87 1.4962293850027006 
55772 3.58324323558547 2.882676072964908 0.06353615702397009 67 76 83 1.4409040953246077 
55770 3.75271314670495 3.108583401545561 0.06453167482907873 46 55 62 1.1290366277675898 
55765 3.24435477146384 2.642955290404797 0.779168429948032 225 226 244 1.0022684723166677 
55759 3.666148237407933 2.462744898581878 0.8046902149493157 7 12 16 1.7450949028985563 
55758 3.9218445162596094 2.6663880743971413 0.7927387183922705 129 139 151 0.35700228556287666 
55756 3.475902887115473 2.981101985757011 0.0681515072739236 73 82 89 0.9175265342903265 
55755 3.546842101262692 3.017582841493481 0.10346506384210108 47 56 63 0.1108526844086622 
55754 3.4561121197001583 2.8095377325621826 0.06821347950472934 29 38 45 0.4913495469839472 
55750 3.5945757734970707 2.9001882487722006 0.05417648228579863 39 48 55 0.9035349232553335 
55749 3.761152524335798 2.9885581216211077 0.05994867073579946 49 58 65 2.4102416990516797 
55743 3.280200339739891 2.506110646279541 0.7724984308238588 3 16 32 1.6098388352909554 
55741 4.05074524454914 3.0314039808602757 0.5915029259486474 9 18 23 0.45552144430544034 
55738 3.6916850846530944 2.6623718557614517 0.8011434861958382 32 40 51 0.28158653439063375 
55735 3.6529020507695953 2.4522802471796923 0.8199366065508961 178 168 158 1.446078377656323 
55734 4.00351287860128 2.6643967566585784 0.8118305714159306 0 0 0 0.43733548376137543 
55731 3.5006512245207255 2.9835705547140647 0.07279190092270271 42 51 58 1.843287419698113 
55730 3.8082646726577725 2.977819039516091 -0.4684658954138141 72 81 88 1.1691714646612241 
55729 3.572319709179899 2.9625851204228986 0.06659482938952821 45 54 61 0.791943367607488 
55728 3.6929555299910244 3.0069837470043135 0.06758864206723714 38 47 54 0.8429301340553571 
55722 3.1504437598573785 2.505963778216338 0.782265534487137 221 213 210 0.5759817443848907 
55717 3.3111916094318805 2.476827691984546 0.7903705669641693 18 45 92 1.325549494707731 
55715 4.636019305886656 2.7209321604160213 0.08839340130840911 1 11 21 1.4619210524552646 
55713 3.34641205820472 2.2789261678223793 0.7900373080538922 194 203 211 1.2873953782940772 
55711 4.092225272109322 2.9688842018282537 0.6896003743119093 84 91 101 0.23844412450138835 
55709 4.093333128555109 2.952868901378973 0.6882441661194982 65 72 82 1.2730632570069411 
55697 3.760029557106855 2.1263191410521083 0.7674195835182475 118 109 104 1.4091297750388838 
55695 3.491103430821558 2.938203878802432 0.06828718064232797 74 83 90 0.42017174784174127 
55691 3.7535281074037607 3.1162577408678342 0.06192300180198229 72 81 88 0.869087392342932 
55689 3.2037699844425767 2.6649648284979044 0.77878300357452 182 189 205 0.2529704080979364 
55688 3.2037232982415422 2.6650286512276726 0.778719488874954 182 189 205 0.45507993062784263 
55687 3.9151519749343935 2.911821543588609 0.06837324961293056 91 102 108 0.6730373295687891 
55684 4.153173694576827 2.8379993291849748 0.0671369352781177 67 76 83 0.6208998319318797 
55673 3.568853665013044 2.342144600200792 0.7912097887375692 97 131 126 1.68639297195911 
55672 3.6646626327018077 2.5646921798087545 0.8112056309400324 53 54 56 0.9022299168154254 
55670 3.414294872460996 2.2129751731640934 0.8390890892374772 177 174 183 0.6844329691995126 
55668 3.780710523271367 2.6706151447323085 0.8004330813959291 162 172 182 0.26668033704452726 
55667 3.7468450350297804 2.5825780493952477 0.8103173036764733 23 32 41 0.33395653076094056 
55663 3.3689702441054887 2.2399974201718607 0.9488101950694896 70 79 88 0.8118454243236973 
55657 3.242946884240596 2.6599391385152935 0.7792293756714307 130 137 153 0.568460775875997 
55654 3.4570088650363564 2.47978393369309 0.7910896475075191 152 145 139 1.1820068514808022 
55653 3.4920463288262553 2.4969747881006077 0.8443309886568262 193 189 102 0.8484762690159001 
55652 3.6931345608610444 2.6868241448082606 0.7992055847230607 47 53 65 0.8300567482363334 
55649 3.642404291989132 2.3732959772076603 0.7878408326118845 12 4 0 0.21916654416141243 
55639 4.537904548833192 2.7179910155804685 0.0906329652798481 28 39 43 0.1399477724076351 
55637 3.5752774519313295 2.3319794884388982 0.7911651698329317 99 124 129 0.757388654766451 
55636 3.9825215068007793 2.5570102305431623 0.6641278736372499 83 89 101 2.8355068218987207 
55634 3.4159328163338065 2.1665627800347202 0.8485827275503455 147 151 154 0.13840005594337115 
55618 3.627972954841442 2.0797852670082735 0.8126964906433618 74 87 96 0.14085922016309682 
55617 3.011261464963102 2.771736459606986 0.822538371253606 168 173 179 0.43424066669536887 
55616 4.69136683915006 2.7490466355738494 0.6248766767351523 79 84 90 2.657942783022421 
55614 3.794693420466632 2.4366004653709172 0.8712945658239295 122 123 118 0.30376177763460444 
55613 2.9364993142437807 2.4556339488402408 0.7721347729740253 210 167 55 1.8821178209607692 
55609 3.752402942907306 2.5909288755712607 0.8065914426022363 21 26 37 1.5081382031245025 
55604 3.21413716989715 2.028728383941951 0.7961199882299373 71 70 75 1.3892650645499 
55598 4.184535970899295 2.362092780922913 0.8027387952487188 27 34 44 1.6298268503432112 
55584 4.683869433085748 2.7168910684851784 0.08634524230095142 36 46 58 1.78281125060591 
55583 3.187981063328151 2.2478099134025165 0.8144796946511135 0 0 0 1.9240068608828067 
55577 3.136632989250543 2.545954179928507 0.7821647196230332 151 156 160 1.6226537244104347 
55575 3.295107736575443 2.4632429492139947 0.7900202501570363 0 0 0 0.5547074681191219 
55574 3.088903681631662 2.2360199152694413 0.821840355119578 214 227 246 2.2504095690410186 
55573 3.8316584953318347 2.6825843782288445 0.8021976543007179 86 100 113 1.5703315196349195 
55572 3.450560427138761 2.197693711086248 0.7785396080221637 26 33 41 1.3840568147972658 
55568 4.259530493803747 2.063350794217966 0.8229343305212421 0 0 0 0.6599161832501734 
55565 3.974019439526217 2.8563449701671177 0.06409266575948691 66 80 92 1.1966828601678259 
55562 3.650219235732301 2.6766477311159997 0.7847699174120436 184 178 154 0.7186726090127338 
55558 2.9248559015632973 2.763568507785258 0.7865855069782269 160 163 170 0.5964966742592605 
55557 3.4936305953290963 2.795739155897437 0.05446744367815248 86 99 116 0.6710916454816491 
55545 3.271861760334386 2.0982926887934155 0.8244486857327835 186 201 220 0.7789939275778867 
55543 3.6045410729997953 2.33333887022862 0.7957445641656158 69 97 82 0.767248415160419 
55542 3.5874864231719092 2.2922271748890166 0.7877662508175809 168 174 163 0.9964534813700355 
55540 2.997907546411538 2.760956947589203 0.8113358621729791 54 61 64 2.2789786822661675 
55537 3.6631086075341446 2.673176486247157 0.7815513956428572 116 112 96 0.2705155175712165 
55536 3.5559441608353715 2.5210865522314467 0.8413815804251688 72 81 121 0.3916745902514505 
55535 3.741729657522579 2.484233143044419 0.7838844237725758 175 170 149 1.1137568369354904 
55531 4.0354400178933805 2.3660660767825012 0.8005722239038476 129 124 130 1.8704853722435506 
55529 4.303822086287556 2.2510049268286134 0.7707226838132726 123 122 117 1.331356027724048 
55523 3.710920574465628 2.850780521222067 0.06613860159466256 129 142 151 1.0694085848128572 
55520 3.1558577298927544 2.5232872654745995 0.7292603866601246 0 0 0 0.5539161298968409 
55517 3.3206905023946836 2.5279598543364874 0.7705763111928527 206 221 232 1.6617043159161047 
55516 3.31826858571217 2.5364545762715105 0.7846137909768661 0 0 0 0.7495718121242859 
55515 3.2560497316470496 2.3767454715855596 0.8304564477457482 171 179 198 1.239177196214169 
55513 3.544748539496512 2.532532603712675 0.8438058128812868 70 83 127 1.5587101140334239 
55511 3.7060476674091474 2.5694396865057265 0.8078304327313197 106 118 130 0.9933685555869275 
55505 4.029974681015888 2.6630411912110996 0.7997810609053128 65 79 92 1.6670295592187219 
55504 3.950219996195035 2.451753573850469 0.78137034657285 116 108 97 0.8185800266792318 
55496 4.454703876891669 2.3751438024919413 0.7756593215968631 169 166 151 0.7668192431583174 
55492 4.493969892125466 2.346583404972667 0.7820406859050272 57 58 52 0.6708935020218801 
55490 4.210500919051706 1.7952049131118997 0.7924344272579027 226 236 244 1.235807705678435 
55487 2.951571314845937 2.427378433338923 0.8430781571774302 20 18 21 0.04967738589051681 
55482 3.224312464245403 2.4820218038757647 0.8077516652546931 104 104 94 1.1750037298653524 
55472 3.8494176478066855 2.324143017928625 0.7733227846908143 52 35 28 1.9524007431477723 
55471 3.315328098173027 1.722185805701788 0.8963020523056051 157 139 137 0.47751699884421767 
55465 2.9567171461889594 2.4261188306087527 0.8646941428381877 81 78 63 1.6448208190644529 
55463 3.276717138210256 2.5285386975951334 0.7887378372467418 31 44 88 1.7805956113918981 
55456 3.7413484152055005 2.640919024257118 0.8049679328824545 36 48 60 0.5613735205199732 
55451 3.748501976805371 2.2844353529248695 0.7774711118153768 146 136 126 0.5361116646293549 
55449 4.004341608405592 2.3999302931367392 0.7836844656098766 193 168 145 2.129520572234528 
55444 4.12099151717168 1.8696012062002019 0.7591546910581359 26 33 39 1.9232146862147728 
55441 3.0076655693920418 2.395467070179539 0.8062390836264595 138 137 133 0.4320838221790965 
55429 3.997102801971048 2.4041969435903283 0.785598524274314 193 167 142 0.4823624270724026 
55426 3.270107804784773 2.489716222213514 0.8018263605223462 68 85 115 2.211134388264911 
55425 3.1412003477191486 2.1546321143165814 0.8017066593515181 200 208 211 1.3274006929939768 
55423 3.246761314573867 1.7318436670113628 0.7267306979709387 118 110 91 1.2025038591366983 
55422 3.699262972488079 2.5149397397331854 0.8425547881481114 25 14 1 3.1167285813182266 
55418 3.6917117703333995 2.596795051663139 0.8049940650327607 97 102 113 1.3564641901056793 
55417 3.0388076960638224 2.414865371985943 0.7901924217532941 140 139 130 0.8451288411990135 
55414 2.96021957804507 2.5019945967311528 0.7776776852881393 240 194 96 1.0322654541227214 
55411 3.420415259632202 2.065660194524005 0.7762110261952508 22 24 19 0.9748179268953191 
55410 3.2825883000611094 1.715400418415281 0.8015884539845023 61 45 42 1.3240196024932112 
55409 3.566327258084253 2.3209933482296945 0.7895571650564234 56 84 78 1.4949779232199603 
55408 3.035034088664761 2.4203434379320017 0.7884106487907457 41 41 38 1.3103543844780157 
55407 3.037067704219334 2.7869099515969196 0.7707810831849551 36 44 46 0.686512054478416 
55406 3.3099985860402183 2.646354684475856 0.7718808113343248 223 229 241 1.6539123364130397 
55401 2.873738408445856 2.401595134169237 0.78664249606856 86 74 52 1.7546267635914485 
55398 3.1533669717147346 2.1711534967659243 0.8168580943923338 205 210 214 2.0789498080299116 
55395 3.5314898442329246 2.5238979962134835 0.8401926687901203 0 0 0 0.24086103485957605 
55393 2.9760779882708808 2.42780263132611 0.7914792570971269 229 231 226 1.5956558503082838 
55392 2.9925560528484274 2.4114884904780425 0.7947534429738483 121 117 105 1.8838284651069899 
55391 3.0977696569523157 2.462577782482047 0.8202159316201624 107 94 72 1.859767554504935 
55390 4.303134190458399 3.0033105651783667 0.11298151158848557 24 25 29 1.266699694263338 
55389 3.4683690208239395 2.039020891434821 0.7771527151211843 5 14 9 0.7667692785498433 
55388 2.849914514982332 2.579855626878866 0.776561818893964 165 120 27 1.0446603278926319 
55384 3.173093550649737 2.469422543765723 0.7869021269730194 117 105 92 2.4312173878431933 
55383 3.3006730753225733 2.6808309686304943 0.7767209280830832 226 239 248 1.1913061900706285 
55381 3.4074254882905253 2.185573882556601 0.8723410987723557 8 14 10 2.562168752367686 
55378 3.1990808984721313 2.521231703840397 0.7689733513198468 192 182 147 0.007451097680510393 
55375 3.257807992915137 2.1900409433566415 0.837105252116811 0 0 0 0.3572290296671457 
55369 2.937539248994402 2.75168169350587 0.7944921686869386 99 99 99 0.5815847491925169 
55368 3.036613009510368 2.4392824385252263 0.7967143109498922 15 12 10 0.25271252400539934 
55362 3.6700653149656763 2.570907346664669 0.8040730703161567 93 97 98 2.0467425731171587 
55357 3.0153197740084234 2.446395915534116 0.7736700823338368 212 191 188 0.9892991275607862 
55355 3.1236632801618405 2.5357137261733103 0.7876997577888014 44 39 36 1.3156059609299413 
55354 3.1490219290864 2.5554386716401924 0.7874876216512143 15 18 11 0.6007114719480399 
55352 3.223209878184116 2.647078361555601 0.7882079054477361 167 161 173 0.395151270262955 
55351 3.0531281641376253 2.348511116694992 0.8142082647707387 107 101 109 1.47182028321586 
55349 3.305654235522174 2.507985910089741 0.7940781387892417 30 56 88 0.9851262484448458 
55348 3.310044551014819 2.5049029163964547 0.7897581162133084 18 43 99 1.9295107112650989 
55345 3.235972044273348 2.3787449496803976 0.8291119132737956 180 184 185 0.7745611428228532 
55344 3.4471863884483325 2.1324417087240795 0.7682480072962944 26 33 26 0.6928821371092433 
55339 3.7048366627665477 2.3607249151241883 0.7859310432126517 88 82 54 1.0152478987351903 
55338 3.824692878239902 2.6864874414178854 0.7959026668972177 32 35 40 0.8557762985452623 
55330 2.951327344395472 2.4957490526349937 0.7752376333071134 239 193 97 1.007130852622895 
55323 3.2136031294031477 2.483745209461215 0.8204394924737692 140 144 145 0.45784227285525914 
55311 4.666386561748638 2.7820905794132385 0.34195139936296637 5 7 4 0.7546723967341594 
55305 3.7908080428290423 2.5984340221058915 0.8059768566179256 44 49 53 0.3507322185928668 
55300 3.3145122599737222 2.873953958817088 0.10423904497920611 31 39 42 1.584211186212533 
55295 3.1456994683102626 2.6978631117386076 0.781546282335613 227 227 223 0.9309583750948761 
55294 3.159697174154591 2.613090151039984 0.7765066678166531 48 48 36 0.2439847146896851 
55291 3.1539575675663047 2.5556304249815316 0.7740066171135652 87 79 66 1.2496785460869215 
55290 3.1395396181712605 2.530491265714152 0.7810504521432966 56 60 61 0.42276837392788935 
55287 3.3043460925744164 2.678561649900388 0.7777989148604038 233 233 218 0.08728573789165463 
55286 3.2595158296663485 2.4732518477861465 0.7763939326849812 78 78 64 1.0550536058907094 
55282 3.173510024760575 2.318374207439609 0.8521719976320588 185 190 193 1.5545164456286606 
55278 3.688591328797023 2.6389759981089282 0.8041119016552439 40 43 48 0.46129612025942196 
55277 3.577945220521264 2.504864232743281 0.8283480366462626 72 75 107 0.576214077119902 
55275 3.827489258634512 2.6158469404153335 0.8023815577159529 105 108 113 0.6065075362758712 
55273 3.374047843818753 3.041792555816852 0.10237894596499819 23 31 34 0.3223070749194264 
55271 3.328118655793071 2.932192289899671 0.10551127223671974 25 33 36 0.654360834226745 
55270 3.3904682413626377 3.0226368649464725 0.09591211627684415 69 77 80 0.7977918847407636 
55265 3.1288444255783716 2.5513630998349144 0.7744266603354582 89 89 69 0.5683694628696226 
55262 3.168912463560519 2.3090566192784254 0.8232896038866743 187 192 195 0.3562839503459425 
55257 3.5863999015467716 2.3505255434996517 0.7854854194545167 83 98 85 0.6806609845418574 
55254 3.8543933886719746 2.67249254104341 0.7972209286878288 56 59 64 0.6661932074716298 
55252 2.937147832901335 2.7536767563637383 0.8028586900652313 66 66 66 0.250591094516324 
55250 2.8129378892513452 2.403173722621295 0.7772510345439917 148 130 92 1.3279610855456465 
55247 3.5449664141257387 2.573849416887664 0.8480424654167152 130 128 56 1.1945626666923546 
55246 3.404230516854563 2.2031466293304645 0.8301329429605486 104 113 116 1.1427824531730366 
55243 3.6293734600251017 2.2577382071038157 0.7730489659722682 8 0 0 1.2868520465980866 
55240 3.2001442078997355 2.6532731147848034 0.787204725512519 226 229 238 0.27988477955274166 
55239 3.4759553295607395 2.4881594998577876 0.8409987853684245 172 162 62 0.9002090250502985 
55237 3.589467316352701 2.3418133937715835 0.7897386838025369 99 135 123 0.5328369337362385 
55236 4.716114791234232 0.9404232240879851 1.1823662598741977 154 150 141 0.3972189979059181 
55232 3.982999612971828 2.6701354773677903 0.7951674331538703 123 127 130 0.5152934319872886 
55216 4.677396568814135 2.8036709609021075 0.6788291431537518 1 5 0 2.180915420068526 
55215 4.078406103831061 2.022094881503238 0.7846737692857166 28 33 39 2.5785476305340054 
55214 4.317346525128923 2.179924922916097 0.9685236664779129 38 47 44 1.9073589380161802 
55213 4.672169204818484 1.93434802778842 1.2648847634127007 217 221 224 1.9706411384915077 
55210 4.374560593417924 2.032694195568706 0.8266952098573641 14 22 32 2.219486597358474 
55198 4.885189078125799 2.8293005369878284 0.9150236628631221 201 204 213 1.2782691470194387 
55193 4.716396272928162 0.7954224734635189 1.2628785118179733 192 181 159 1.6153214816901695 
55187 3.8121150252405944 2.0582352680626785 0.8172152443760068 0 0 0 1.3350298740976243 
55181 4.95555649422838 2.7914674625019904 0.933770532897976 120 131 137 0.7499546318063564 
55179 4.910606739170969 2.742127629648083 0.975246122636465 245 248 254 1.1039048532703009 
55174 4.691623829042741 2.7538391717123787 0.09409197989451457 26 33 41 0.364921210451357 
55172 3.7126148764178284 2.351806878083079 0.7950318834692341 197 181 147 1.8410466173424342 
55171 3.791580619936537 2.402868061739364 0.8734643633429912 109 88 67 0.6304923345772925 
55167 4.67985574707547 2.8432780126684296 0.6878920023181803 48 47 42 0.7857984270446693 
55165 4.677826569815101 2.782991867977008 0.8572488645751448 124 121 102 2.301179620647716 
55152 4.721658470300412 2.80548976773385 0.6044179244133777 86 88 82 1.5797375897257222 
55149 4.698056477133968 2.5207611794156217 0.842650350163863 138 134 105 1.536408330853476 
55145 4.710316650418969 2.4087217004060393 0.9865955443282335 170 172 171 0.6193954731289087 
55134 4.6691496682783065 2.8229480151962396 0.7978591423642057 122 122 114 0.9991332327934003 
55128 4.770371602428173 2.7041002553351454 0.9214443263920934 122 133 135 0.9498196296062038 
55127 3.9386436170676133 2.083691084451861 1.295218998351398 0 0 0 0.2645574893138401 
55123 3.6492268594545463 2.5158402191936284 0.7420302356101349 215 205 174 2.4538700367647666 
55122 3.742301738529896 2.648272224082622 0.8036032329399131 47 50 55 0.6193721188700587 
55114 4.045503298360258 2.3711247435079605 0.7989200104307502 185 168 152 1.1249166455600448 
55106 4.000811799140831 1.9864767828168235 0.8190363678412713 0 0 0 1.2330864945594764 
55094 3.6532768014668435 2.3651686102302794 0.7798235664099366 56 41 10 0.5344137369595978 
55092 3.786039793484466 2.337171688803955 0.7840960923876229 155 147 128 0.21745608680079442 
55077 4.139875335593664 2.0546832207471133 0.7885481830977153 177 182 185 0.2030261954816776 
55062 4.008240392481868 2.3968593093867403 0.7815164689940416 213 182 136 0.900005628732102 
55054 4.263030038612336 2.118753019635295 0.7905662771415946 3 8 11 1.406847003999791 
55051 4.881009519912274 2.743390936158298 0.9290087582935695 151 159 162 0.7381993893889903 
55047 4.751981568784716 1.608629914702659 1.175688068018521 163 160 155 1.84856805962507 
55038 4.199681292512551 1.8859935882368655 0.7796658986378905 61 67 67 0.8684963861894657 
55036 4.76949222381954 2.4199350646819657 0.924352208171533 88 97 96 0.829703854295287 
55035 3.5007691624038157 2.0482089534685324 0.8634073745992282 185 189 190 1.8848844707331058 
55034 3.8108187172888273 2.2016281229002486 0.7919485487755574 52 16 37 1.9427034544039234 
55032 3.6098870546132558 1.800471937651987 0.8937056831557177 131 135 136 1.5596027007138302 
55031 3.6017609461053284 1.8084591795164993 0.8980778789924561 131 135 136 1.5585714877182582 
55028 4.106248505731237 2.150272345168367 0.8129231364811776 14 24 36 0.16829403336055057 
55024 3.8001370279538023 2.0885026106635483 0.7738797054628749 125 121 112 0.05563409604267022 
55005 3.597044584495448 2.2547183146895824 0.7858806908477147 102 102 97 1.9716744044219408 
54998 2.715723664680518 2.275854826391753 0.7790141631061115 176 157 114 0.4185098227841731 
54988 3.62657897159459 2.5718939498211153 0.7582744001460144 207 200 182 1.2687706645980572 
54982 3.0179325815070337 2.4259889914358364 0.7899921375196047 104 113 113 0.38695279313485315 
54981 3.928034759022019 2.4549933627026497 0.8019149547923875 192 190 177 0.9257726020692161 
54974 3.8348404789932675 2.6615445061187857 0.8020147918621497 122 133 153 0.9689383816203767 
54973 4.685434149996581 2.803467974336698 0.6435290888556505 17 24 27 1.7223378684765156 
54965 2.789274922668698 2.1551422378376452 0.7800563389881077 161 149 137 0.15800637443997045 
54963 2.791399739479172 2.053037396354554 0.7846756749983381 85 67 55 1.6518417707072288 
54961 2.8946378400752795 2.1728008997377994 0.9006844661466812 207 220 237 0.6141997670855226 
54958 3.688103237903115 2.429216021119174 0.7982709386970694 166 163 148 1.803242811433093 
54954 4.688384426803144 2.851696740019415 0.696379448738877 116 124 126 1.8245957138675055 
54946 2.966253959608716 2.501212596094451 0.7777064540193438 204 169 86 1.1989007461425814 
54940 2.946408698335821 2.313561110446533 0.9041545246208972 215 226 244 0.7799222896326642 
54939 3.1440709296740605 2.2301837560652515 0.8169859859516782 166 179 198 0.9151725638172556 
54935 3.205824451419496 1.7433027026922157 0.780509999400819 199 192 177 1.5464822613655727 
54932 3.2865187557612563 1.7134948344449015 0.8047079625529144 96 71 76 0.9006441328244694 
54930 4.688592006712214 2.8581205111138726 0.662565465858705 23 30 36 0.6496933077604893 
54920 3.9412361305670895 3.1111328274664207 0.06725726149782041 63 76 84 1.1222924496208202 
54919 2.9474439287815404 2.4016462572284527 0.7775415014875231 153 129 114 1.2910767598920285 
54915 2.8434821056837283 2.180969209110455 0.9001412399946466 135 146 164 0.6351708869834332 
54907 3.7080964140202655 2.673217293820044 0.7972667489345191 152 166 177 0.5254921612376572 
54905 3.5088353065292224 2.4545129765136022 0.8430923661132848 94 95 70 1.3081020879279823 
54903 3.406170716249108 2.177389721259565 0.811472659078588 12 23 29 1.907250211500762 
54896 3.7021961581074994 2.2560226717622998 0.7962814674610518 153 146 129 0.4531577667983364 
54894 3.521955998667791 2.0347766947735737 0.8222622552252511 60 56 53 0.5233321628884523 
54892 3.850290217940187 2.4717323671827165 0.8426291703967539 194 190 178 1.2267273118904816 
54890 4.087288182309377 2.3902898135303037 0.7847757388300485 29 37 26 0.6641430483048119 
54889 3.7069237001374975 1.8803142493689669 0.8093266922999383 157 165 176 0.5492678086180797 
54887 3.649371694214891 1.5059663228308566 0.7726656710187985 149 146 134 1.3303049489704495 
54884 2.927450781097171 2.546920998635694 0.7802657471333153 160 155 122 0.1755016280517032 
54882 2.947869371174389 2.522432724301999 0.7765503332962036 194 161 68 0.7950393378854507 
54878 2.936295901308992 2.396454892278597 0.7832590006245596 153 80 83 1.295351518240297 
54875 2.9457175161553004 2.3960187322529563 0.7823969305882864 148 78 78 0.8625038795709822 
54874 2.999338656328979 2.463860108517968 0.7777747114682371 221 192 117 1.2543609355607923 
54870 2.8605455841584875 2.17539739563081 0.8978072280935219 125 136 154 0.3579572800275945 
54869 2.9796719906707114 2.351368030490836 0.9113496396090605 180 193 210 0.5514478229695821 
54868 3.2852008872716114 2.4718608122365002 0.7921564378223699 144 159 192 0.2562961818159341 
54867 2.91106450969302 2.1746248573697367 0.9044252151965104 106 119 138 0.27686091410803826 
54865 3.2159240244583374 2.3789949554004495 0.826756834111944 156 167 185 0.6921634139254783 
54858 3.5482800903089706 2.6525113876013484 0.8363058907457195 107 100 90 1.2222462234866598 
54854 3.2949529728841767 2.0370285862001216 0.7935229478782256 121 125 129 1.452689101420926 
54852 3.402361464211891 2.2149631731550405 0.8061275273606973 144 154 165 0.4389424714466461 
54850 4.472222093796671 2.8253736048142177 0.5419571689100239 25 32 38 2.129203745963153 
54849 3.5578515934807444 2.502346726855726 0.8438092098136606 126 146 171 0.5962579174730449 
54848 4.603970221343339 2.8191567558721893 0.4896374444669498 106 113 119 0.07092276684839403 
54847 3.813712950628248 2.678229233417722 0.8014400138883202 24 32 52 0.8259382736934638 
54843 4.7599874629922425 2.8516786331591564 0.5318501748017007 83 88 92 1.9591972351310358 
54838 4.099731882076911 2.617435825425634 0.8030281662030934 126 130 126 0.7031226816504687 
54836 3.9149812317223325 2.0699769660027436 0.7828998765911918 130 132 131 0.2314283317721987 
54834 3.6051543263651715 1.807346016034131 0.8296834397852394 165 177 193 1.9220797761040778 
54831 2.7047386995924536 2.389203536184631 0.7815662641351211 183 164 121 0.4305574298604018 
54830 2.8477348731995398 2.3953693130148017 0.8064528251975112 84 81 72 1.6460487072844907 
54825 3.1845455034630112 2.6546071579551094 0.779234660901294 185 189 216 1.093846455792167 
54822 2.8712453687331596 2.3554993578962757 0.9028753603096699 221 233 249 0.6631416486338634 
54816 3.21668178201322 2.4468483310935447 0.826252217357151 210 221 239 0.12238345688012195 
54810 3.4486919431985648 2.4549167024782093 0.8319887607492171 108 109 131 0.9395342287485974 
54805 4.751165003804147 2.804427901445525 0.3843852963588883 20 27 35 0.07841240415142102 
54801 3.4035181994050565 2.1969532459631367 0.8376079852661044 148 162 173 0.7406752597308224 
54800 3.593709497268672 2.313625314537134 0.7956636948748774 181 183 170 0.9796082140348515 
54799 3.5979548974340743 2.312883263425764 0.7932206413990307 181 183 170 0.34373455881923964 
54797 3.77978834436102 2.420033511250986 0.7719529708841746 166 159 140 0.8983771243269798 
54790 3.8465801961666135 2.074767682591453 0.7613978878674071 144 139 133 0.662561689136998 
54786 4.256740889206511 2.4277379340551404 0.8071535458043615 35 31 20 0.48262523084850006 
54783 4.14503458576308 2.082028566983456 0.8019440565363043 3 12 24 0.6142736703756274 
54776 3.292580473821776 2.479705863322777 0.790942934345352 182 202 229 0.694340665045551 
54774 3.1171719990758566 2.217049142441372 0.8200874898426906 159 172 191 0.16862781193113108 
54773 3.151952959659481 2.264692627993079 0.8231147728580626 154 167 184 0.188539705990116 
54768 3.2887038855962376 2.027660707378809 0.8097990971997722 3 7 10 1.2528581416742128 
54766 3.5929440715287044 2.258987561115129 0.774529344000835 138 135 119 0.9414241746199434 
54757 3.792853764366509 2.173852203487378 0.8015986762642369 130 109 118 0.544346292139976 
54756 3.805457536714131 2.409525989302339 0.8592379150725601 117 117 115 1.6611701153535028 
54753 4.172173767621623 2.4070848590840064 0.7954886155253625 5 2 1 1.3736439542237544 
54751 2.714614662475377 2.2076035751984997 0.7787631423945127 182 182 192 1.6806391269816556 
54750 2.9835466189143296 2.410807462123989 0.8350551760341022 146 148 143 1.9013874476158226 
54748 3.505847305137739 2.5319631851305653 0.8451230715372372 104 103 117 0.7646196036483204 
54744 3.2819791744656306 2.019913729141134 0.8150960156987066 25 30 36 0.9466472901634138 
54740 3.8612792019433497 2.6045671033213074 0.803212689261487 54 62 81 0.33408628133438195 
54739 3.716532253830908 2.3514584799672633 0.7982480122732549 0 0 0 1.1535691589541193 
54737 3.746643457078371 2.211660021342614 0.7768140363526778 106 102 101 0.20580442492817783 
54730 3.685989961046804 1.8714395148630056 1.1604369859314845 77 86 93 1.068409052490322 
54721 3.7261191644032214 2.2050094653262198 0.783466780065211 17 14 13 1.5905615970970464 
54720 4.058333605326104 2.361075977521756 0.833167534728856 159 161 163 1.1972356765553052 
54719 3.707328178963892 0.820096963439803 0.7658200454066844 127 133 133 1.529133541209006 
54718 4.087061981836753 2.5527642888856468 0.8082861674567385 87 80 74 0.7871568861254846 
54717 3.2185601609700827 2.3727023117945274 0.8238171158642388 203 212 222 1.9571951246268753 
54716 3.989744696110458 2.086544026042931 0.8376572414718151 171 171 178 0.9367403961641959 
54714 3.2405419481424813 2.028397467191869 0.7915037451716649 106 107 109 1.7597962882116516 
54712 2.9134280720489714 2.170597642121076 0.9016831554605955 135 140 146 0.8029755231571728 
54706 2.862791959105212 2.1740552407446407 0.9008891434998055 142 150 162 1.2539312930741477 
54705 3.3241182257276365 2.494145425739803 0.7935941279167614 179 189 165 1.681997024750972 
54704 3.7572959361433815 2.206844142183007 0.768701632093992 102 93 89 1.4565149064048228 
54701 3.6877035233764563 2.59365005338847 0.8041659702722896 157 158 162 1.3478797470066572 
54699 4.4209951889234524 2.1635733704084945 0.8430512676719659 143 146 129 0.8869807207638964 
54696 3.6442462737304075 2.2511784531833445 0.7803809686734243 115 116 112 1.5211040120215915 
54695 3.5756734813429047 2.269675866082081 0.772092250063169 181 173 136 1.848772598745802 
54686 4.618749300102258 2.164576958148782 1.1760727742820996 208 211 208 1.7019840483390984 
54683 3.4501277226940408 2.454455014011915 0.7746895720856725 0 0 0 0.43101272619225445 
54676 4.512902726387346 2.1568429404792813 1.2841676460042941 75 79 78 1.813667403869099 
54667 3.5089208164876093 2.5697893510093457 0.7811170936857549 192 177 118 0.6690522247666889 
54666 3.206904632214194 2.052046690985075 0.8073223618389328 24 18 18 1.972646247247619 
54663 3.487661740652173 1.9908833451633627 0.822162508903747 48 52 55 2.0415877901690647 
54660 3.615385647458219 1.810481521122728 0.8750385130409319 31 33 32 1.3773625769396571 
54651 4.939065552755508 2.1652188433653956 1.188040232262668 190 191 193 1.4989644742870671 
54649 3.87263790832784 0.136494889943088 1.3550806211564157 0 0 0 0.652891099782416 
54647 3.0831556612303994 2.4425331772059247 0.829785242491957 212 177 61 1.463157493931399 
54644 3.1500789134632177 1.946302070766904 0.7658916919551163 100 85 54 0.9333931624516962 
54640 3.516448067464127 2.466050545908109 0.8523755741510668 171 173 99 1.5613146306512529 
54637 4.2392994072641805 2.416764773004163 0.7797158088682342 201 191 158 1.941464189667191 
54630 3.684302584285706 1.872150233251269 1.1607557639009507 77 86 93 1.001205480939786 
54623 2.9035325357289268 2.1705395404920567 0.8994756123205325 178 182 183 0.34822946655598397 
54619 3.4707402524615207 2.4350075207086053 0.8079479313063055 127 127 126 1.9540080660452688 
54614 3.6372626930605088 2.3734246288898344 0.7866357335380184 121 107 78 0.12567902888508237 
54612 3.469932231378002 2.0349579643094122 0.8211002378816369 20 73 57 0.5111474704629496 
54607 3.681973139420624 1.8870337100355945 0.8225158840488113 34 38 41 0.5447554861685485 
54604 4.297664637378081 1.9419493904453813 0.7399031806335519 46 50 49 1.1181268918788085 
54603 3.7137322897931346 0.8113576952618726 0.7864414161577057 122 128 122 1.3435729980705229 
54602 4.669259792095058 2.568558954627443 0.8164574527467577 162 158 134 1.5114159581779147 
54594 3.8808033708700727 1.7891512386512933 1.2192908086444167 45 52 58 1.61665932755586 
54582 3.5210418258465563 2.501811595484348 0.841111044263214 114 137 164 0.6796101759690594 
54580 3.4603041043985967 2.033625645132109 0.7828749989283389 113 115 114 1.1906107502150505 
54578 3.5088793055051157 2.051711190132593 0.7945136431261532 47 50 39 1.1106811602336923 
54576 3.7091054525281537 2.24129515297769 0.7858457547953791 146 130 104 2.534661935279421 
54574 3.797217724358666 2.4372767064794187 0.8643518865332227 168 164 137 1.2548286074766588 
54571 4.129885705375134 2.197897149414983 0.8229569871426479 61 65 68 0.7429008292685303 
54570 4.411868027209685 2.1958853322929164 0.8351092761289978 148 145 128 0.438677388998993 
54565 4.84517544108164 0.6035902395538404 1.2016957756803597 173 162 144 1.6714061988640092 
54562 3.5396494678015142 2.581742516280053 0.7767360116156544 181 165 114 1.9313553386288784 
54552 3.753900913717209 2.6027889521505436 0.80514988757996 53 54 58 0.3067896990432415 
54548 3.7009604711629014 1.8467203543138924 0.800948732321948 18 22 25 0.4957395828767151 
54542 3.4149017971098083 1.7220036348969059 1.2539974458293934 14 23 22 1.055437029656834 
54537 3.096391108823519 2.4333106785306575 0.8291483137074326 232 238 229 1.0022288971530817 
54529 4.13388637016135 2.3512854265481895 0.8051875852869677 136 138 127 1.155391420094887 
54511 3.633543499552534 1.8608300133456488 0.9853155507790914 10 12 8 1.664485802998271 
54506 3.6057954071731704 2.2524928132717976 0.7840206624644259 13 10 4 0.7126335288422658 
54500 3.927166723058372 2.0941137278566444 0.7971095204284463 226 230 231 1.0766205605218757 
54491 2.952916377349057 2.4926163479470094 0.776615224631958 189 140 31 1.1588280531032145 
54489 3.4975929339057186 2.471894016093585 0.8453989211406711 214 205 53 1.4750196450340571 
54488 3.3018526581123506 2.039228182522881 0.8305527014358016 132 134 132 1.6447681807278653 
54477 3.8174983162352913 2.607227493314149 0.8045478802093716 12 19 29 1.0950816854699739 
54474 2.8458160338852188 2.4079289484490976 0.7747989349033938 181 166 125 1.6414431038499833 
54472 3.1356726675640685 2.2052123397526 0.8194706150161106 234 239 243 1.4437155600635923 
54469 3.616867264717233 2.4423362237127733 0.8092111168420903 5 9 12 0.7106643036959818 
54466 3.248971554249238 2.0335910561144295 0.806394907055162 13 20 28 0.4034164859977613 
54459 2.9770074419343278 2.3485875760058086 0.9108448950598682 205 209 212 2.1137816851673135 
54453 2.847336785484258 2.5654996592299653 0.7771387409817935 194 140 50 1.0982915622139855 
54452 2.852624047410683 2.572884291857141 0.7808437623392859 177 141 55 1.7850683155991391 
54438 3.0842709775708697 2.427942750664347 0.7931057304667241 149 143 124 0.6951386719021665 
54434 3.1141753197552884 2.239979970161505 0.8244818698097731 197 202 206 0.7453653939832792 
54431 3.50646018144402 2.5089140106511003 0.8473255183444076 90 118 150 1.8694211231144173 
54430 3.594125524395181 2.5341670284694446 0.841012078000486 99 88 68 0.5790022350750795 
54416 2.879942880868924 2.1759072901177343 0.9007474904998919 162 166 169 0.5665585466472723 
54404 3.4072785237018763 2.036654666191391 0.7761459974767768 0 0 0 0.09654694388553467 
54401 3.306627210598014 1.7330237114501645 0.7728170642582308 129 123 111 0.5753822119180082 
54397 3.5660899814008338 2.3208180940690593 0.8083476356151221 68 84 73 1.2509531063790633 
54388 3.7973399151122247 2.3020520586200783 0.8051209876909146 16 8 29 1.6632524971099476 
54384 3.7329951658922367 1.5211371404484637 0.8134104800597036 18 18 18 1.2119110383100966 
54383 2.672726925833106 2.3627126244451206 0.7797651725480935 141 126 85 0.09790231387426866 
54382 3.037196184030578 2.7440321814906428 0.790415543409009 120 115 98 1.148977118218163 
54377 2.9762859684328324 2.408509337915012 0.7923343528755113 84 79 73 0.2464318176599817 
54376 3.128860468360265 2.5728752037830716 0.7856041802392346 117 121 98 1.107119980431685 
54354 3.7879800469532405 2.432897989527187 0.7790916993426567 81 73 52 1.357814157974131 
54352 3.5793937019192215 1.633013367050004 0.7795767122830441 77 85 79 0.4749579709684746 
54342 3.019986092054725 2.452756738825972 0.7744819814713776 171 166 124 0.9673385982106831 
54339 3.28331431181807 2.5105981313661365 0.7731364908696042 13 22 27 1.163493629573656 
54337 3.298417456761558 2.5218374644390185 0.7873656254251927 45 71 87 1.0803282261926508 
54328 3.5128054111276303 2.5271300657603266 0.8447610996519316 64 62 101 0.3088343084270024 
54326 3.4926732924423223 2.4601824040080595 0.8484592881839621 172 166 108 0.9325664831066847 
54320 3.7744483340037367 2.670461314879911 0.7997105069870603 39 42 47 1.8039783735743722 
54297 3.76545897813947 2.122639869246314 0.7648324793337461 75 70 66 1.1344675035311398 
54291 4.707907098167014 2.7900778555722536 0.3247438122207771 52 54 51 1.6873215706936096 
54289 3.3287150814423154 2.241645263754589 0.9423145449260402 49 38 40 1.621516847674823 
54283 3.8044783404140805 2.3966718782200367 0.8375879774485261 108 98 86 1.600317928770843 
54277 4.721106551219433 2.3310389184155587 1.0200129398091338 132 134 133 1.9094588680392934 
54274 4.533729367241062 2.179241788706042 0.878910774379562 137 134 117 1.0391644043570654 
54273 11.55275951039574 -6.780040504182298 -1.1032539978372262 7 14 22 3.502955528658241 
54271 3.9934985730878076 2.680920557266175 0.794116001199351 164 170 180 1.2439096468764255 
54262 3.5276130578685314 2.563712952037444 0.827785536160309 137 132 68 1.8841958158988954 
54259 3.113290475916311 2.529984787756667 0.7755851934682426 189 182 132 1.1688811545486482 
54253 3.792153099739913 2.651179084908756 0.7905508685605295 85 86 90 1.758296073774162 
54238 3.6329082817786182 1.8460239188055148 0.9932000090475812 6 10 11 1.4907385528369608 
54232 3.764370465096157 2.6483952096049848 0.8002880091810993 137 138 142 1.5434479997455421 
54189 3.19664184343913 2.316772927612535 0.8264893685942526 234 238 239 1.885407403278584 
54179 3.848465616139992 2.4848867399337764 0.7855290931531995 220 212 176 0.005804653021417603 
54169 2.854238949511486 2.394039002528324 0.8134174814636596 118 113 107 1.5525964201767242 
54166 2.9853972779501086 2.4044058978294407 0.7948205643251912 126 124 112 1.2763723593628318 
54163 2.984174560219938 2.4099426368114463 0.8392157334219534 99 101 96 1.3133585852801863 
54160 3.151818758628594 2.5337811786123376 0.785291263282334 80 80 70 1.281597857684348 
54159 2.918404558813889 2.2483787650402185 0.9051896084776023 225 229 232 1.283241073193856 
54158 2.907063697446901 2.1763888696451614 0.9021111485590471 219 223 224 0.4746935764775157 
54157 3.1042087577921857 2.2373471627388275 0.8219868312384527 188 192 195 0.8594222098662228 
54156 3.148846612257196 2.22581345664073 0.8127302324237334 180 184 187 0.46097216670498803 
54152 3.517455920326031 2.502540943743201 0.8429233605935106 91 121 155 1.2393526121690135 
54141 4.234514823408458 1.9617501893856548 0.7767884949525827 124 119 116 1.5144252673735226 
54140 3.49852873708491 1.7565181026152168 1.1767433352006766 126 133 139 1.260483339831908 
54139 3.641811801346239 1.7762946307927736 1.1476059268678145 6 13 19 1.6440097097539759 
54134 2.937818695513628 2.506560848201204 0.7752804888811633 204 157 51 0.9892750103991563 
54131 2.9728675823698425 2.4732552236935703 0.7769827880807421 207 157 62 1.0230487161158797 
54128 3.1518885584605427 2.548166700590743 0.786953875505205 56 61 55 0.4250698412367841 
54124 3.0797577586475233 2.4375026000777282 0.8245428545735181 110 117 99 0.9398393488319184 
54122 3.128864365721994 2.2571357806622494 0.8222207638843088 193 197 198 1.0871677302590024 
54121 3.115666437437404 2.218662943406492 0.8206289216373542 209 213 216 0.1260873606151848 
54107 3.6160974732101696 2.2714722628743833 0.7857858131711566 180 169 147 1.124755696913224 
54103 3.701825164362348 1.842447583894509 0.7829641172706486 11 15 18 1.736243312866141 
54102 3.9723675920529176 2.066590155666142 0.7967329216535617 100 106 93 2.1982890640348454 
54101 4.130447135611126 2.3053574368181673 0.8336543941759283 127 128 122 1.1876899325125976 
54099 3.654524507602765 1.862941205138232 0.9938476989904539 125 129 130 1.3151677641491928 
54098 4.4749136094870705 2.2543528511219 0.8289996157611037 185 182 165 1.374975455901751 
54092 4.046485226797607 1.7786909013866732 1.3009226330210057 195 199 200 1.9119099017473626 
54091 4.7430154192583895 2.195046687119925 1.2187937700630496 191 194 183 2.354047638000058 
54087 2.8907793419540546 1.9072545410359107 0.7694533674196461 114 109 90 1.3994599301943995 
54086 2.949459047992356 2.239446365854377 0.9006139660912209 226 230 233 1.4934789868187555 
54085 3.250316631864183 2.487527916097537 0.7834905401534709 13 17 29 0.641554979942368 
54083 3.2188744535797498 2.4088509890424783 0.8263300815141826 181 184 189 0.8177773114083592 
54081 3.2164723479367936 2.1513345601926295 0.8114732339655278 168 173 176 1.0457290094987035 
54076 3.416011325578433 2.213051723258526 0.8298862288849381 175 183 185 0.611770219215881 
54072 4.633357747909935 2.7912363844488017 0.36403326758335863 86 90 93 1.9512541090828874 
54071 4.758564658350979 2.7799684008494365 0.28601751683163856 4 4 2 0.4001727504889353 
54065 3.8448887828663723 2.5755636717234065 0.8346003401040205 109 110 115 1.4470754677538658 
54058 3.5976153859033806 1.780668088431803 0.8402831012309574 19 23 24 1.2593421815705637 
54057 3.6468067935702804 1.4999145422397326 0.7772301793644963 154 152 131 0.19481019698858995 
54053 4.481339124116854 2.2359811535807577 0.8408683263939781 122 120 104 0.8219220773710849 
54052 4.487761746331201 2.1602247979194042 0.8494061442247068 165 162 145 1.2070887485911714 
54048 4.691019702420144 2.312235936294463 0.9513763883476409 99 99 97 1.10369125542308 
54042 3.2694392066399005 2.405853273024821 0.8245075270046383 213 214 219 0.4417199532250658 
54041 3.443346050269746 2.4614439927206435 0.8161783143472825 41 33 0 1.1302479967579995 
54024 3.2794244242275523 1.727301819570675 0.8071753984035022 181 155 150 1.1072582017859185 
54015 3.2283752071803744 2.480918639052299 0.8070002600889715 72 69 63 0.872559270476958 
53992 3.4024647548318527 2.1995698016330705 0.8213923519435369 168 177 187 1.2273726855721663 
53982 3.34909726095652 1.6958119452432816 0.9652183601209638 213 204 161 2.045433814255555 
53979 4.659386254890972 2.367618541292722 0.7867317389346897 6 22 29 0.8628417511185046 
53976 2.980364376286892 2.4220747032013357 0.785247871251608 184 185 177 1.2680599141801188 
53962 2.993921738760214 2.463468471005731 0.775863795496902 163 149 102 1.9005979306627638 
53957 3.416928296556006 2.163224101111105 0.8351392700971836 19 26 33 1.690112014148984 
53947 2.8441849167027806 2.3902666945842084 0.8132866048135486 95 87 64 1.5436733270608116 
53946 2.874068067158815 2.399971839811145 0.7836566069093261 98 91 66 1.6258878855530392 
53937 3.2937809373386973 2.0641486652556056 0.8091122757832344 129 125 116 1.2732263934940373 
53931 3.0331397980861134 2.7548334141747817 0.7745871474761986 145 136 107 1.0398826402796042 
53929 2.905477831078918 2.3999067370461633 0.7878987127575974 126 64 53 0.47718420533807526 
53927 2.999508200715689 2.4628900722237628 0.783002354634355 231 187 78 0.47447973215802186 
53926 3.092444941145605 2.4315342610941526 0.7878972482564076 96 84 62 0.986058558548874 
53925 3.0956208792112117 2.4450255550116062 0.8224479689903452 122 110 74 2.2212368783607612 
53924 2.985734033934667 2.143969249755831 0.913011228618188 101 96 74 0.29436420849159434 
53920 3.6217453842786886 1.8543024073014542 0.7577880327885833 141 138 119 2.1415562312122387 
53918 3.6086831006638316 1.4893397625310651 0.8150884292477163 58 62 48 1.9631756649281087 
53915 4.106487394084283 2.3962790124883355 0.7746488618324955 191 181 146 1.4318675607452822 
53914 4.111139375092542 2.6092481116933044 0.7933831652965677 110 109 105 0.9134217428661454 
53913 3.6172004370573405 1.7682320471670778 0.9445640310405086 97 96 101 1.2294012957438356 
53908 4.40137873195064 2.0750455226381845 0.8697626873125037 150 152 147 0.4153982437161148 
53907 4.686355387136764 2.490762094629382 0.8438961018511885 130 122 99 1.568709822514406 
53906 2.762520882151849 2.2583323552391903 0.7705590677874268 99 78 47 2.33452451291437 
53905 2.7959899598967914 2.4139337827987615 0.9023034970328314 134 134 137 1.3868699197867098 
53904 2.7927165709274346 2.297289579222724 0.894238991997014 238 242 243 2.1411498927378414 
53903 3.037069126814326 2.4384771228816224 0.7959474882388476 41 32 25 0.7996915532199389 
53901 2.907439415245328 1.8812254682907297 0.7891979249642754 190 179 151 1.4837537524834783 
53900 2.9468983226012524 1.9347712246917286 0.7791087886668738 185 180 151 1.7527839382011365 
53897 3.3598799470767884 2.2119211950749254 0.8279199841094792 178 172 146 1.562084935244711 
53892 3.451000027298697 2.015528228165758 0.8398457888866188 61 63 57 2.0883112568558837 
53890 3.7332713180591464 2.59561900285271 0.8074456524012273 112 113 117 1.241362837762816 
53885 4.0328976241353525 2.6778968542625456 0.7996407518086048 166 167 160 1.504210072015195 
53883 3.6324378972756777 1.8788235035617444 0.9922130931722957 20 29 28 0.7187346784182287 
53879 2.9349136056522274 2.53618195933187 0.7704291354273829 182 138 63 1.1691574827344693 
53878 2.8485090127430643 2.3914980385440865 0.8178477192854934 94 86 65 0.298671710145987 
53877 2.796032931770684 2.4049225625372257 0.9004028311083024 171 175 176 0.9689295247957913 
53876 2.9853329463713565 2.5354200487892955 0.7787427140485478 167 145 97 1.8150215824100375 
53873 2.98975413844543 2.4246153221682913 0.7908853070988213 184 185 177 0.62952274159398 
53872 3.022694709637408 2.453236444700558 0.7808346100971054 172 163 123 1.1163609867737132 
53871 3.020178439578499 2.4303001030266898 0.7899448385819076 104 105 97 0.9013023884484171 
53867 3.1508476766485214 2.5811886832514688 0.7813155892172903 152 149 126 0.7706211758086122 
53861 2.904692389812336 1.896059119077352 0.7743829395360085 67 65 70 1.267662465113137 
53855 3.2275646623515812 2.0291591063119103 0.8174261041245643 96 98 93 1.868100003499698 
53851 3.68678399138957 2.44816255945011 0.7861717648180506 57 62 58 1.808941259358922 
53847 3.7483885972708575 2.6028641933295935 0.8083022186054857 59 60 64 1.1285437464625745 
53841 3.9777521576983714 2.0466023204440007 0.7785527259215999 45 48 37 0.7078666097717714 
53827 2.9716747913683594 2.4577033090011433 0.7742201394398002 187 150 62 0.6344728033659527 
53826 2.9458165290119442 2.3871666044457505 0.762325389263865 138 69 59 1.2651427425373372 
53822 2.990349505429365 2.4189366904965475 0.795272172238938 141 140 133 1.2642666602967325 
53821 3.011351796373793 2.4244177455800426 0.7903981867096201 153 154 146 1.0385871089096275 
53815 3.2428725826438973 2.6359997993888316 0.782058597023697 229 232 239 0.8058638547765734 
53784 3.158613158324642 2.5765105532176875 0.7788093730538226 45 46 40 0.823908670037893 
53747 3.39124802543009 2.001249441307247 0.8409163136766056 177 178 172 0.8251533380307823 
53734 3.16067012413572 2.6104794790783856 0.7767560491469125 86 87 65 1.2229190439132185 
53733 2.9009287555053422 2.170923261749757 0.9035657746531857 221 225 226 1.0778074893248522 
53726 3.7963413578576937 2.328306470107489 0.752327154779047 196 184 146 0.5154530626841259 
53725 3.570301010089464 1.6373289403192897 0.788909070726264 108 108 89 1.4553128553602361 
53724 3.8154929867944487 2.121955819327879 0.8023918303355856 123 125 101 0.6473515909796136 
53723 3.7675780231136766 0.8016385249965792 0.7707027585377664 70 77 70 0.7192180714277159 
53718 3.4427571942642183 2.144591923094561 0.7687710209839477 128 122 101 0.00012183549946753346 
53713 3.626403764246624 1.8246679071375251 1.0251661862662176 7 4 23 1.7202673506491781 
53712 3.575355875480145 2.3421613407733433 0.7887210686701118 105 134 129 0.9531754061909962 
53711 3.4139699367272236 2.21021737442508 0.8250550597048935 83 97 106 0.8230356595105175 
53710 3.622992652271916 2.0750644513031986 0.8101796960391793 7 12 18 0.39035465176559414 
53706 3.314702811549733 2.5087256475259636 0.7944916868819243 81 115 148 1.360856103940254 
53703 4.542272041892701 2.1813201042814274 0.868018921788226 84 85 76 1.6410759085908806 
53701 3.7931751783641623 2.4463459396346474 0.830983414104183 57 57 49 1.3118517813732387 
53697 3.680638952152247 2.6301151299410797 0.8028981438872967 88 95 101 0.9077079227564993 
53694 4.508818665213186 2.2101532468408607 0.8417718083822145 192 195 184 0.6018578459306511 
53692 3.8420600547967654 2.465053147423457 0.867279075695321 243 234 221 2.009578048185077 
53691 3.24096236328246 2.0299386112792135 0.821572175259946 111 119 127 0.8531025453387197 
53690 3.4017453275587597 2.201856025908562 0.8014708359169685 172 174 181 1.1204919316634894 
53682 4.183791699719027 2.3278563660853453 0.8150320295492474 28 35 41 1.2991270246704771 
53678 3.074630772748493 2.480224869590228 0.7698581183449545 195 189 165 1.0039150147263707 
53677 3.160240965083622 2.5735335467493092 0.7833161806061524 17 37 36 1.748528448712154 
53667 2.969268676804324 2.426930930754022 0.7783425642473989 95 86 69 1.6127935558483524 
53666 3.1523100930515677 2.6079869079403313 0.7757263456834361 185 177 156 1.222271316945409 
53665 3.0285253824566922 2.4384560103680686 0.7875003346182687 165 170 174 1.2990509467527351 
53664 3.1459961992510017 2.4998144500597266 0.7849170106859337 92 91 89 1.2792670436129625 
53663 3.151251156776563 2.496064088408704 0.7778106395007193 92 91 89 1.1684794965293257 
53661 3.558374803993599 2.340728891219786 0.7645326425843225 169 168 148 0.06886356748072137 
53657 4.402173319556396 2.0153163563731553 0.8214417805960491 132 137 140 1.9865654105032122 
53656 4.591456177803291 2.147131501020052 0.849550235341897 44 45 39 1.7969529153170163 
53655 2.9291362185678094 2.483600160194452 0.7761874933292198 215 169 83 0.620284424069457 
53654 2.980330612659492 2.4847791327225126 0.7741168653767799 179 145 82 1.7331942177857698 
53653 2.98923239126505 2.4767910458326554 0.7751330929795639 232 193 102 1.75418154163126 
53648 3.3041858284855694 2.5177515392393017 0.7750931037490927 89 100 128 1.3659965139150752 
53647 3.5523335125767175 2.585537923655211 0.7770644019333659 212 207 190 1.3672546593796473 
53646 3.673767410127296 2.5720015674901426 0.7699853419227546 115 112 96 2.357154650864794 
53642 4.519508730806237 2.3414194333032876 0.7998113733790037 112 111 106 0.8014980634185653 
53640 4.3418884083869305 2.045562007129541 0.8032709339581312 74 79 82 1.0273270921322437 
53633 3.0393659722690334 2.4486829221188504 0.7876642151498218 78 71 63 1.0297106701879584 
53632 3.137430697189519 2.5210512090117403 0.7786947947731306 29 26 22 1.1585414679257588 
53631 2.979248024632122 2.40591893284239 0.8424972063661441 139 137 125 1.7971134953798182 
53630 3.245323214625593 2.492030245258775 0.7784877489339713 18 32 38 1.2416623739734434 
53629 3.2138852102128603 2.480779927935952 0.80637964475027 106 108 103 2.0585969532199733 
53628 2.895552898023148 2.1743388806187163 0.8995240915326317 201 212 232 1.0120945092362081 
53625 3.760665800219611 2.6987579434367963 0.7919875368700303 155 163 176 0.3447335694093075 
53618 4.244797329578277 2.3166607151018566 0.8442072320999519 126 128 117 0.9482661665207676 
53615 2.9371533041751134 2.5427405486333723 0.7783295384574279 216 181 115 2.1258657528073237 
53613 2.918123899700934 2.396028776468267 0.7713846263050762 135 113 100 0.04213393624414252 
53612 3.0454511508746673 2.451459797327941 0.7768276495838722 189 181 158 0.943916188316697 
53609 3.222021896634797 2.6241961941926366 0.7762840875320148 190 201 223 1.11009082987618 
53608 3.0928223449336043 2.432069299176542 0.7986089395525791 147 143 144 1.2317901888502132 
53606 3.247189591034949 2.493764582837484 0.7660859574853628 0 0 0 0.4529625179790891 
53605 3.257556350879787 2.4842412722737772 0.7800718248936398 9 22 39 0.6554604840051517 
53603 3.2557340110524593 2.359117947960749 0.8311199257703152 168 180 196 0.9307548498239653 
53602 3.310545861107036 2.20184280607896 0.8315090433465168 151 152 138 1.1021319465883648 
53601 3.4788167813048725 2.437946308161995 0.8415156914389307 194 196 98 1.0782946141267322 
53600 3.5980887386420792 2.5007664655827098 0.8309232437698612 29 36 46 1.6196406813453939 
53599 3.576365819251773 2.2902730256247783 0.7747325333738134 158 155 138 1.9766396533608812 
53597 3.601226714985037 2.2573870247846717 0.7771866967957849 150 147 128 0.25789072359703186 
53596 3.6132500829607874 2.2562009608854643 0.7864650603261437 124 121 114 1.5749346810518252 
53592 4.171443843132943 2.3146543456920727 0.8181203473370009 3 10 16 1.3383583760817592 
53590 3.695861965988444 1.5008135958708442 0.8001559504257669 102 107 113 0.8874039862069985 
53589 3.695671379157421 1.5012491304897029 0.8001597697683246 102 107 113 0.8837198431061075 
53582 3.0316726720782556 2.432573156653845 0.7891296610452783 136 141 145 1.0023595255489046 
53577 3.3071548910336235 2.4747918654534242 0.827185428395833 155 160 159 2.8002366479659817 
53560 4.153314579366692 2.1257814165699083 0.8034898044202288 51 58 66 0.6567241340745644 
53559 3.725498154599183 1.004116459420087 0.7709431375293064 43 52 61 0.2500530656132172 
53557 3.6376415444389814 1.8433596192548198 1.0252996719932572 0 16 24 0.488553318832549 
53556 2.9420860795336736 2.4945703698200847 0.7775809383578205 187 142 57 0.9718441503885672 
53550 2.78424704782999 2.327343287638115 0.9018011386938558 156 164 183 2.3192715592388318 
53549 3.106382425397278 2.566007700129365 0.7799248496363318 145 145 131 0.8506458662454497 
53547 3.0126877436718726 2.420051587382813 0.7917223412062064 119 124 128 0.6084661426430635 
53546 3.1484799352881803 2.545008032655719 0.7841155715136956 27 31 32 0.7529160272930536 
53545 3.152616389069035 2.5012588575226733 0.7832543012293635 79 79 71 0.9466453539781686 
53544 3.1157758514700684 2.4250950844881336 0.7768888442189683 80 72 49 0.933531288118531 
53541 2.8036002882842315 2.1184001779377906 0.8965487558370525 152 163 183 0.28664984381360264 
53534 3.1605311897976978 2.263789705789349 0.8223888062941126 165 176 194 0.46088576274190274 
53531 3.7670447934018094 2.687222508174929 0.792596134319364 15 23 36 0.9490933128676922 
53520 3.762841757608797 2.604623911926543 0.8057136511028997 129 137 148 0.8207084237914314 
53519 3.21844733143726 1.768463898795381 0.7680345800212955 41 41 39 2.10104090102474 
53518 3.4296252547763357 2.065379913361334 0.7797776219977923 20 28 31 0.5665613279095216 
53517 3.8356196895183614 2.6691780569595744 0.805991296770011 61 69 82 0.6517964121887876 
53516 3.8611629594709136 2.678967603187214 0.7993865321504899 142 150 163 0.06885443223503324 
53511 3.748853769045768 2.319753404301191 0.7735029754827868 157 145 133 0.5429698540942131 
53507 3.8657161951639605 2.468943306184264 0.8458615395827085 219 219 217 1.9546067439029868 
53506 3.821740396118763 2.4587311406013495 0.8693815939732995 112 109 104 0.3313338242368715 
53504 3.61596689105542 2.140212711221911 0.9089986819671836 57 64 74 2.139626454955813 
53502 3.6878091831367916 1.8899246665190186 0.8298937801028174 168 175 185 0.28766295424898897 
53499 4.279439256058549 2.320544743919811 0.7987141139606345 23 25 30 1.0538520649463965 
53488 3.1348132492253717 2.5577284258070767 0.7844693651762844 12 16 17 1.2579200697776989 
53486 3.2562878519173046 2.6617105382784163 0.7796219914322139 185 196 218 0.4363995796591523 
53483 2.945488194137766 2.424814957405685 0.9272538230795433 216 227 247 0.19779194027914831 
53479 3.2385336655012646 2.359095964927824 0.825129075201612 163 175 191 0.41973344126934453 
53476 3.681039743474541 2.6452234391359144 0.786156304302975 34 42 55 1.404899847670896 
53473 3.694911077537955 2.68110189228487 0.7990002943913103 43 51 64 0.1711119629835736 
53471 3.665924081509323 2.610070161226168 0.8071106901465933 12 22 24 1.1059480004002558 
53466 3.2921041212041433 2.118955282468101 0.83299008588927 116 117 112 0.6854670273046876 
53454 3.2843206648529724 1.7212204976556469 0.8024079173958434 155 154 159 0.6550705078991079 
53452 3.734048854050629 2.2200953364196954 0.7818398486688629 153 140 134 0.3963930823152838 
53451 3.4620580016641864 2.031085082676119 0.8305246808442861 109 123 126 1.350770780017048 
53450 3.4229834025023376 2.2013646467485453 0.9069809278866234 2 6 15 0.6149926253860636 
53448 3.488106628869386 2.034333991779784 0.8373701709423221 0 10 12 0.6504238264147915 
53445 4.11078414218691 2.6461162511600276 0.7958583351021395 100 101 93 1.223141077487223 
53444 3.848276113191262 2.482333562218035 0.8479156247605669 124 120 108 1.1537219452555183 
53439 3.7544390109527646 2.0222056571337923 0.7860985308557775 143 148 142 0.49950912722722074 
53436 4.170928691441587 2.3550199960841507 0.8262158338521011 1 10 15 0.20798708284769352 
53429 4.214656632986319 1.983427772432117 0.8041013837214577 37 38 42 0.41971175600255356 
53428 3.7341232551393495 1.0028373545339089 0.7618308180849295 0 6 15 1.0960431875059016 
53424 3.6408646479078732 1.8601758499541192 0.9828240129605001 142 150 153 2.58045475206987 
53405 3.6973600653903183 2.6586055600953173 0.8012436090022244 113 121 134 0.6889109215702257 
53404 3.553443021703632 2.5757797650161796 0.8479622712070918 149 149 86 0.49935597067098714 
53403 3.2845855202082754 2.014167765909862 0.8063063180124758 70 77 85 1.4844211070608015 
53402 3.775441561330968 2.6239132081785934 0.8032361366147773 55 63 76 0.49813161685325874 
53401 3.627736204073783 2.378102432053793 0.7917068958309633 98 87 57 0.6553290983039489 
53400 3.4041558529450593 2.202324143439311 0.8379534475609439 143 151 172 0.21085162890451561 
53397 3.8172573328726376 2.596493916053618 0.8057367557236201 24 32 43 0.28058149045945235 
53387 3.966504674393244 2.0553264356062395 0.7931571787919585 120 121 126 0.027006982692086613 
53386 3.328571240182898 1.7151514470026998 0.9069102229347956 238 236 240 0.5127316559674738 
53370 3.8282037845926045 2.6579331239766155 0.6951282370748858 21 22 26 0.6037413683724242 
53367 3.6879227305612927 2.571426942346493 0.8081093195073414 90 99 106 0.7079610530918643 
53360 3.72210662319629 2.3521047363194456 0.7966271536702607 42 31 13 1.9148939915405805 
53359 3.717235215950942 2.2247578206271017 0.7870948874085251 28 18 16 0.4633961875240004 
53354 4.149552002862063 2.2771823264401454 0.8305872286612801 41 45 54 0.36215650656386983 
53351 4.203213959772025 2.156398142217231 0.9487133209165817 41 44 51 2.031546683501157 
53336 3.7515195031525126 2.130903448596742 0.7903491376052842 118 115 106 0.2536784890674026 
53333 4.410149084897637 2.109479337372198 0.8494669774911181 133 135 132 0.9369161833913888 
53322 3.2295823683570584 2.2975479204624434 0.8177052164515753 220 233 241 1.7333180354790896 
53315 3.302314659997532 2.4912649732843737 0.791991380144667 158 174 197 1.0039658234706295 
53305 4.024655679544935 2.6704669308359104 0.7940275222515846 67 70 85 1.5354634044083808 
53301 3.7584789814341666 2.3238955513303 0.8064361173261341 51 18 14 1.3452931739958585 
53300 3.3170000125093386 1.724241219197344 0.7696967593986932 130 124 116 1.064939370115286 
53299 2.966016793265277 2.4240581002835055 0.9050499063965489 212 222 234 1.31464088679171 
53298 3.4722037341796494 2.441623330418373 0.8050731085790368 80 81 92 0.6992980279306481 
53297 3.294901760653339 1.962450763967998 0.8304617832313214 26 33 41 1.6448764984811821 
53293 3.7136381943230155 2.0330045634986176 0.8115554930514975 44 48 57 0.7778814181331025 
53286 3.5284995920837514 1.7189386932873139 0.9762357582843602 12 18 30 0.968694564227196 
53275 3.651872395272652 2.48512517541136 0.7972498710074535 7 14 22 1.0321194706909829 
53274 3.804596620771567 2.454695870195588 0.7633169112459982 185 181 152 1.1973088514786352 
53271 3.8250299605733122 2.373680567757644 0.843337783043317 0 0 0 0.9170451427030212 
53270 3.6127992230972374 1.7860525712746398 0.7963864468588913 125 134 149 1.1867638912851612 
53263 2.9786167490979927 2.4232625319816847 0.9057571623599859 162 170 184 1.1309467916747014 
53253 2.9830818746022283 2.409416558245262 0.7907733780141941 91 93 92 1.401461400934579 
53243 3.505853452070942 2.41602728044376 0.8287486483490073 58 91 82 1.15528067601033 
53230 3.660317259299728 1.7493065176737004 0.856658740469725 217 222 216 1.1250615357305216 
53225 3.2906929659062136 2.6626173222038196 0.7692946337493943 214 223 240 0.7313347435147853 
53223 3.249479532142489 2.4806904412591684 0.7779712411212206 130 124 113 1.282914010119273 
53210 3.289033864184155 1.727232323567609 0.7710874967144744 167 159 143 1.3760981518792181 
53208 3.566650298237606 1.6332572520424427 0.7833770653896248 34 34 32 0.9419367784959584 
53200 4.636008909294961 2.194503527616587 0.9474472244330285 119 119 119 1.611622673484965 
53190 3.2941161649319706 2.496158459705294 0.7894043480107077 17 38 84 1.2062047861112206 
53178 3.4801734337688592 2.4331323269558633 0.8418377843732048 186 196 112 0.6230286046799921 
53171 3.8050987153329903 2.5605335255138715 0.8190526360293509 103 109 121 0.6400543632101965 
53145 3.3389317131575718 2.4695052819177428 0.7919701122153389 168 173 148 0.7042857551774006 
53144 3.076937186915758 2.2047759706294583 0.8209819628886852 111 123 136 0.2974260683919892 
53138 2.8963744205622186 1.9062955363133576 0.7859361958973209 62 70 73 1.5427510777354598 
53137 3.461002843521763 2.484778249388637 0.7825853253716663 145 140 84 0.5425071297659662 
53136 3.6696926917641965 2.6643053183724077 0.7983291449022378 120 128 138 0.9840133000077754 
53135 3.720396096819084 2.682828626610791 0.7989125666344572 119 127 140 0.7768537487820861 
53132 3.7586674739300854 2.687471617179466 0.7972214752677863 0 7 20 1.2749728177650672 
53131 3.522601523215401 2.492071064066146 0.84318252575618 155 183 220 0.7457647411453313 
53128 3.7858916507341314 2.6773614595130404 0.7992319666235076 126 134 147 0.8583063258870003 
53126 3.2498417435076155 2.0725772539752256 0.7970380420259783 96 96 122 1.0341197285025665 
53111 3.8494620273974265 2.625977281141153 0.8068155686995683 131 139 150 0.33259034046067804 
53108 3.8625486753262814 2.5866335246712753 0.8032754538935493 112 120 131 0.2448658524724141 
53106 3.2003283437857033 1.7430321542155178 0.7754040593878628 59 53 41 0.9024076486037236 
53096 4.15997187112137 2.317317424378847 0.8122509506887716 154 162 165 1.6794925834797243 
53095 4.212016910768148 2.4154818932368936 0.8219387719882058 13 19 19 0.414158131362771 
53092 3.6070284284853456 1.769553049418238 0.8505495807095841 243 247 246 1.2589556605449315 
53090 4.045432850447719 1.8773359652212882 0.7439883298742326 66 73 83 1.6966914437032798 
53078 3.1484511124797097 2.5299507475298215 0.7832182155801469 58 48 47 1.5384398616952917 
53071 3.1283683077671167 2.2575317243185173 0.8225730383168834 163 176 184 0.09068610587281029 
53068 3.493002876728316 2.5219772980137254 0.7824025830800075 144 142 85 0.8938868503516175 
53055 3.700675958566212 2.596165379128062 0.8078483015191787 93 101 112 1.6063700187012493 
53054 3.782746314613316 2.6689751545725655 0.7997960262079805 158 166 179 0.6370743894281861 
53053 3.730297596894805 2.552061978880214 0.8029507467921982 209 207 198 2.372705835370814 
53051 3.767568687773714 2.5808039229770006 0.8098867021691933 16 24 35 0.582342070437007 
53044 3.303546826035162 1.9833164444716436 0.8390638035626722 91 98 106 0.48018214621817606 
53038 3.9826784363171552 2.2584310717491043 0.676170039280919 38 26 12 1.1745543489584693 
53012 4.503896116133982 1.9840821989510566 0.7954585116887566 72 80 82 1.4910745387036848 
53008 3.3165213626954273 2.5044181411800417 0.7958325327210074 159 184 180 0.929359793996557 
53007 3.2612095217760855 2.406839573429352 0.8235657895149221 200 213 222 0.35030743571565853 
53000 3.531860267090383 2.5647321491033623 0.8456494421156097 49 45 78 0.31533264834652225 
52997 3.7345416274726544 2.6418789244469725 0.8022476475409758 120 128 141 0.33382830726928 
52993 3.561024047645238 2.507008064986279 0.8416135193696063 66 80 94 0.7932793986006608 
52991 3.241251183487944 2.0306957810915867 0.790472335564803 111 114 123 0.18408598087441203 
52988 3.8333449511828626 2.641837188949621 0.8012404109042861 88 96 107 0.1949814695003424 
52985 3.743454132977694 2.540108077230817 0.8045863827469361 213 209 198 0.4191613705380062 
52973 3.7927682159463965 2.4406536656563373 0.8199290792879838 139 140 135 0.4833307111843148 
52969 3.387455528554723 1.9957643271004513 0.836288597216522 79 87 89 0.710870577120938 
52967 4.076112009635405 2.654465381376004 0.8008214587183342 69 78 84 0.2038596519576572 
52958 3.7642821008771676 2.16570481140407 0.802343395739933 70 55 58 0.5128701277952952 
52949 4.146495249908973 2.2914728173163468 0.823055149653988 75 82 84 0.3213597127925451 
52948 4.152066114710588 2.2965138219543517 0.8220160141522921 52 61 61 0.5092546301420807 
52945 4.159790642259989 1.95061752361843 0.7904195571927345 103 105 102 0.9926080561848322 
52944 4.63584633783759 2.411406044619098 0.7828602153455445 86 88 85 0.826932604650435 
52940 4.4364987004672605 2.083343192285952 0.7853752112700679 14 21 27 1.0128330784671928 
52932 4.5076978489881245 1.9801718326809161 0.7831796576765507 71 78 72 1.5293886177610467 
52921 4.747049897785635 2.33914998530657 0.9274536516896126 15 19 28 0.3037780064194734 
52897 3.21535252993872 2.0313457998625317 0.8061203924570343 59 62 67 0.45840602571398187 
52895 3.8196892523681214 2.6127206855793026 0.7999981837137039 107 115 126 0.2425214095296215 
52893 3.6153717554629035 2.266730580352164 0.7774221549049652 131 127 115 1.3815042271628766 
52891 3.7024719737249834 2.366666974150447 0.7911368772958632 46 38 19 1.538606435210346 
52890 3.950097327111847 2.6591747696645034 0.8010166344078195 37 45 58 0.16024837560086555 
52887 3.6447059267874877 2.2523816919127664 0.7859785427891391 2 5 2 0.3223084430004146 
52885 3.6537895257910673 2.23516707937092 0.776261896390665 123 127 127 0.1471739547969671 
52883 3.7225674067704198 2.353492130958445 0.7997845919493286 185 174 156 0.8740088395177774 
52882 3.7908847597822612 2.4183823949817627 0.8177335758477373 51 52 46 1.0719658522812847 
52880 3.7162969449922927 2.221908570052171 0.7841019615451809 127 123 122 0.9650255379662738 
52876 4.454584499059529 2.489175108881412 0.5951719144407847 53 61 72 0.029902074996945183 
52859 4.487186230596336 2.1302723279010243 0.8490868342969834 160 161 155 0.14343995338120122 
52857 4.615183331411163 2.149030438481935 0.8873139351498169 112 95 87 0.6669093450225546 
52852 3.2297637663223955 2.409355361661115 0.8224945380115585 206 219 227 0.33118571611348474 
52851 3.060902502026875 2.2818332334120637 0.9289656741371377 96 110 123 1.1290509111289628 
52842 3.400671641321394 2.1951061948621984 0.846584684706246 177 173 172 0.4250670485972005 
52841 3.404244302440668 2.1931874681021437 0.8550587158388822 137 164 170 0.49168216910726503 
52831 4.170941062617291 2.3970886525579056 0.7978945193782286 17 18 10 0.39863853037830693 
52827 4.516639224750008 2.2805971254075077 0.7896644793286267 44 45 39 0.11874603760689625 
52812 3.20534391008364 2.4757329034858286 0.7755507250575422 130 116 94 2.4022803246782547 
52806 3.7318136100496617 2.111341332040568 0.8648720057495297 33 33 31 2.3931879803325264 
52789 3.451383395121866 2.450779386885837 0.8205024720696622 85 86 90 2.336980898084225 
52783 3.257114434711445 2.1751430567197576 0.8351611641687099 181 150 25 1.5002487512522864 
52751 4.690518296273522 2.4046374251321243 0.9333412886728657 61 73 79 1.1260216867381705 
52748 3.340413100009184 2.5780538061979117 0.7733317173403239 192 186 162 2.3502920115341905 
52721 3.788815690172783 2.422218956623314 0.8237182282370308 113 114 109 0.22449433807532326 
52716 4.691897046903367 2.295130523361567 0.9181645589738223 206 208 208 2.06841975744027 
52715 4.661568793754684 2.261912890333135 0.9327872850816288 75 79 82 1.2149401737294439 
52685 4.310415611871229 2.0749674453487708 0.807401287034445 5 10 13 0.6320046684438602 
52677 3.4504454159653593 2.476415745521596 0.7933940010340693 50 49 31 1.3445665195989416 
52674 3.7087095507521077 2.64994281931947 0.802927465347087 23 32 41 1.3372999046232272 
52666 3.871097937335879 2.661115310261082 0.7962754721859 127 135 148 0.6708545559224977 
52665 3.7964364220705185 2.5871846567252725 0.803090281963254 10 18 29 0.6241200364609851 
52651 3.293555500711335 1.7218688836750475 0.7929886200768688 72 74 73 0.746804663267124 
52650 3.9268280904712247 2.403809083173407 0.8410950476790142 220 221 223 1.5790637789297755 
52649 3.9803805397663377 2.258689214338195 0.8209094065033554 194 205 211 1.463006349177855 
52648 3.692077387437687 2.1597643212811084 0.9591630832128835 64 71 79 0.4010419523923666 
52646 4.499499734871041 2.372467349824981 0.7898337327257392 36 34 22 1.2392798516824466 
52645 4.23274896725853 2.245842925131299 0.8464852327227129 98 104 104 1.3570461236528604 
52643 4.4517345742300005 2.0185676150333833 0.7948899227348986 6 12 21 1.0575276764947292 
52641 4.499863861880821 2.119414645864826 0.8478726488960076 168 169 164 0.6156203476690553 
52640 3.280621305379121 2.6670869155891843 0.7784978755277281 213 225 240 1.243132216482472 
52635 3.7485455747049903 2.665061400684828 0.7970562820154414 89 97 110 0.8156947050866329 
52631 3.546656920459283 2.488837090789653 0.8416526210448205 116 142 159 0.9624602254018243 
52621 4.005895308808932 2.656901338527038 0.7992925396596618 115 123 134 0.47769145235559474 
52613 4.076873162228481 2.58438321970487 0.8106627596737018 54 57 66 0.7441833955123925 
52610 3.3145399220701885 1.7089431322518498 0.8940774104157279 141 137 134 1.4409729471279806 
52607 4.141146486975607 2.315222671688203 0.8265356366884867 135 143 145 1.273696174676728 
52606 4.0494240680428515 2.250229270121939 0.8408038304663439 118 125 133 0.8259488291983318 
52603 4.061703149397148 1.9115034632624037 0.7732342531382221 52 53 58 0.5202220604675803 
52601 4.64085700902906 2.3662986591943236 0.7827716061605927 66 70 71 0.9399732594163174 
52595 3.604261984621641 1.7396700987293616 0.9580828433175563 118 126 128 0.8903644546644994 
52592 4.628110707747267 2.198573701321526 0.8625591164983689 80 81 75 1.1620941295825458 
52591 4.421880906859057 2.183504170937274 0.9537407993069729 157 158 158 0.3700969076860688 
52589 4.635727445240433 2.323951144258319 0.9886947847832703 188 189 193 0.40094370011610264 
52586 3.205573281890078 2.5000874790126613 0.7765702389873007 191 195 187 0.45250088685467293 
52585 3.2982102685343166 2.4978035177749094 0.7928697646015627 135 156 187 0.21040573707073382 
52584 3.2905703238256896 2.474997998689588 0.7924365737233366 158 169 193 0.34026821555521103 
52583 3.2098898870422383 2.401497704415427 0.8238204690876103 210 223 232 1.4673114972785382 
52582 3.183972772866041 2.356522431416934 0.823899381693176 167 180 188 1.3096952051842305 
52581 2.917813387747064 2.1695278629818264 0.9016220117126784 202 214 225 1.584085407457198 
52574 3.7033063204497716 2.569851788629916 0.8058221373291804 79 87 98 1.144723638897644 
52573 3.5963968040811207 2.3515105841896053 0.7750546929950375 142 140 123 1.0179178552211243 
52572 3.7457130632487923 2.545756820350592 0.8011609028771536 205 203 196 0.9216664636536781 
52571 3.189464059449895 2.0219511415960376 0.8388438562536544 52 52 50 0.030738976520275855 
52570 3.613800604912693 2.3630271238516833 0.7878382584618471 26 25 12 2.105299081952488 
52562 3.6182018570191614 2.2648387046358684 0.779499849608779 17 13 2 1.2410177378306917 
52561 3.9889697152704935 2.6742691948806177 0.7988384801265017 43 51 64 0.3004892177350982 
52558 3.711446474494389 2.35351058253164 0.8100014091705078 180 168 152 1.3172984215048644 
52557 3.796934465923333 2.4137196179909055 0.8169911446005229 137 138 133 0.8536227099396677 
52552 3.876882977668759 2.3285710905111463 0.784473295149259 79 73 61 0.7724310401093588 
52551 3.8319992540968997 2.4037820215299197 0.8474401147920321 183 186 177 1.7002824733433932 
52550 3.797953989603706 2.403163371785588 0.869793373367406 185 194 189 1.3713836260216843 
52549 3.794552759067123 2.1725713853467394 0.8002595702832211 165 143 145 0.9324641332272201 
52547 3.5342976706362905 1.6357466260187246 0.772700109059667 190 192 172 0.6556911583740823 
52542 4.160484958663799 2.0203810135683478 0.8087558668603149 133 137 148 0.5442385655489402 
52539 4.497004772352175 2.0506745195043146 0.7545863680233187 88 93 87 1.4745565344119889 
52538 4.656427778183445 2.3441479588650056 0.812436525605158 145 155 144 0.897785677108951 
52532 4.573931914372754 2.245757976972844 0.8657026525471342 130 131 126 0.03445972819606906 
52527 4.396980507149328 2.1806461814643496 0.9555221781028294 158 160 159 1.439312223354809 
52526 4.642489507127186 2.160496407343831 0.8947171233837201 132 112 103 0.8187252050072052 
52519 3.216627186184737 2.3798716735423513 0.8253637833121732 212 225 231 0.24365993962441032 
52518 3.4532298892090525 2.4750066706651355 0.7950256647340362 134 132 86 0.7023351323669772 
52514 3.800679973591027 2.5889090534821615 0.8085445086217812 18 26 37 0.8733103766359879 
52509 3.7881902227526716 2.4201662472921033 0.8273748673662895 33 34 29 0.9169009176642179 
52503 3.958581813587397 2.0551192181838718 0.8144482974421208 115 116 120 0.23082100853444842 
52501 4.04147715061642 2.125741986119924 0.8259406788814365 26 35 40 1.4944014141007465 
52500 4.443832294711602 2.3761976409960184 0.7844209611749969 40 35 24 1.0495918067813075 
52490 4.362567689411529 2.1083678788037883 0.8674638643987677 77 81 82 0.8449436629846948 
52482 3.5455920223766237 2.497660999208447 0.844879435923432 85 116 160 0.26015811632616426 
52481 3.6757534493256654 2.47023109812507 0.7893808306693163 39 40 45 1.7858911274453204 
52475 3.9386535507583007 2.0742808282321694 0.804255054734237 34 36 33 1.269893024848931 
52474 4.13149953908156 2.1950839283203947 0.8536129986204234 10 18 21 0.14051465730511697 
52471 3.897671932601294 2.6432012311660427 0.8718896308189709 81 91 103 3.3373774050239153 
52468 3.8453984299958788 2.5807991990554915 0.8132137187599999 61 70 79 0.36271569294303907 
52466 3.8206691608100525 2.6584885717875095 0.7997705561855355 11 18 26 1.1748529594530424 
52465 3.4513795260562756 2.475895813128086 0.7920163879087342 109 96 69 0.9521279635477247 
52464 4.792330404843295 2.841481072466191 0.5904440637966492 26 29 35 0.83535460963228 
52463 3.252609671254142 2.642557206747199 0.7786336833777898 192 195 207 0.7158431607987513 
52462 3.9852400448707526 2.090209771710062 0.8394280804170408 100 99 97 1.4292891981864237 
52461 3.444282287422415 2.4678693728944907 0.8411676647942644 163 153 73 2.32229643456014 
52458 4.784344708831757 2.738112251930779 0.19407855773725435 69 72 73 2.0358523782732334 
52453 3.3122075891989216 2.675692501887842 0.7785837374981732 205 196 167 2.0939233227868868 
52452 3.2885059459248427 2.535945941798726 0.7869265966493362 196 208 222 2.0421166368120716 
52448 3.7527799906214527 2.484833971902447 0.7969237822390866 201 197 170 2.0749167617443343 
52444 3.1981864910175553 2.641652085255778 0.7808531498485877 221 229 250 1.3972504672401347 
52443 3.2841717409074307 2.732270826502434 0.7803105231947667 223 231 252 1.3207780055189717 
52441 4.0424542707971005 3.0544368314539447 0.5840347111418758 1 9 12 1.722886600872289 
52439 3.1499263432997293 2.5145951041082775 0.782916898025 112 105 99 1.8248637555843592 
52437 3.252743370899492 2.4737276520093605 0.7747095242685814 0 0 0 0.14193841382198652 
52434 3.295107736575443 2.4632429492139947 0.7900202501570363 5 32 75 0.5547074681191219 
52432 3.331532265509868 2.2342788282379695 0.8027100125233395 221 227 243 1.4517827017534228 
52431 3.4013356845196263 2.203997499456417 0.7804812979114337 127 147 160 1.1519528104814099 
52430 3.413554090397088 2.1564480036738694 0.8028726847978914 45 48 55 0.9539900708323348 
52427 3.9632793239819826 3.1268086624739646 0.06755667924120812 58 69 75 1.2887499390676367 
52422 3.4825604130031063 2.4369816095981465 0.8398837912904233 202 198 62 0.45340944973004077 
52420 3.7573190736157667 2.1086234398372348 0.7404652619650989 68 75 83 2.2368552277793987 
52416 3.1569477886702417 2.4976282913196615 0.7754014829980822 94 87 81 0.7349165624748255 
52413 3.947117175622503 2.842918158707701 0.06099268538389624 49 60 66 1.2802336427096603 
52411 3.337583171229021 2.2390363524905634 0.8131347482123973 172 162 150 2.614894401516136 
52403 3.8434341321106893 2.4304222383817473 0.8867530501927989 0 0 0 0.4917914606996473 
52399 3.2879991258762105 2.7338122955425135 0.7748539028608293 226 234 255 1.742789251054337 
52395 3.287195578110923 2.4598822964059095 0.793207524237178 85 119 128 1.4859386859750026 
52394 3.300284559094673 2.4872614012236687 0.7942370990880858 15 32 88 1.0022346805248918 
52389 3.720124248661914 2.6736167157960824 0.8008293567500265 109 119 129 1.3452082138814763 
52387 3.8032999854809453 2.6029012759922177 0.8055738720591842 160 166 178 0.8596854107863147 
52386 3.8502523190393805 2.467115885093339 0.7805283900126643 206 203 184 1.6260890433450608 
52384 3.9368645771856827 3.095893975781629 0.06722601933748606 22 27 33 0.8551506412554122 
52380 4.480871604672413 2.729180544035329 0.07571418483661407 15 25 34 0.905028544861167 
52367 3.8198471848893085 2.6452487080688623 0.8008320111229876 23 31 42 1.396332033173493 
52365 3.7928867537349014 2.4165424755662785 0.7780255025610922 135 129 117 1.531531882601267 
52362 3.812868140534566 2.171644114333735 0.797004604686898 71 50 55 1.656095124644748 
52360 4.100441880381061 2.5970742210245774 0.8039800633447002 129 132 129 1.4115530753559737 
52343 4.508472855435044 2.7381465995407885 0.0836716328124869 5 18 24 0.5772452068586892 
52342 4.508472855435044 2.7381465995407885 0.0836716328124869 5 18 24 0.5772452068586892 
52336 3.6668750577406097 2.7141992428158233 0.7762288760031062 190 185 165 1.0107797774979874 
52335 3.4053737469007554 2.2076053085580662 0.7970540272379903 143 105 122 1.050534032101682 
52325 3.463198490064153 2.0381424448453966 0.7883881368954 18 52 46 1.3764479256348976 
52318 3.8212732960707756 2.6577076527745502 0.7995342781743765 22 30 41 1.6460340463391416 
52312 3.7912847322230805 2.4277825078833644 0.8210493709231557 149 149 141 0.7659789528596975 
52309 3.7201477265959317 2.066298817228394 0.7817284771071801 182 181 177 0.6248872354884729 
52308 4.012398742012745 2.6505218377084847 0.802651309808298 149 159 171 0.34877256598705464 
52307 3.8121678162492034 2.2307668730334846 0.8081902951944919 32 65 132 0.38324917560280525 
52306 4.06826361801084 2.6220951521391176 0.8054314137958214 63 73 85 0.1680289861476379 
52300 3.7068218825274033 2.8521347770396686 0.0615740598479233 49 62 68 1.2382886807697069 
52296 3.9432654316701985 3.1117924124838465 0.06101053229831299 65 74 81 1.9903546495182665 
52287 4.504098862103254 2.7466967680676952 0.06758789341986016 48 61 69 1.800003062199174 
52286 3.4022284014398525 2.199511680852692 0.801658781491323 144 152 173 0.5761108728429448 
52280 3.402679830563898 2.2009862382966947 0.8354316660618657 74 104 132 0.5814744173013983 
52277 3.738394454387843 2.6695629829195533 0.800060027472672 142 150 161 0.5129444168069187 
52271 4.631902698881133 2.8237203911665905 0.44755407122364865 119 124 127 1.4773968869355059 
52269 3.849968582275546 2.6209835887266717 0.8023492197949137 39 48 57 0.6460701572617907 
52267 4.792494950059963 2.807132627486064 0.3828474883008324 1 4 7 0.724389032178476 
52257 3.992420647480189 2.5652423112380274 0.8115070410273999 138 148 160 0.5507068072241763 
52255 3.8321597165306085 2.457791631585196 0.8645667541565589 129 126 119 1.695889979467399 
52218 4.091838003832146 2.630460904911489 0.8009754287830035 114 124 135 0.4492181471275091 
52212 3.9644030810373305 2.9962525637037416 0.07089787438802553 108 119 131 0.30097496283965164 
52209 3.325877122865867 2.475893367053356 0.8037540886222919 127 145 142 1.3645868838070807 
52208 3.2872020292456385 2.402970173406409 0.8381446318846074 168 174 188 0.7216464770081527 
52198 3.6878321369411884 2.5721792124040017 0.8087721848274028 87 94 104 0.05385229229374221 
52195 3.7492350317320047 2.6215688304604496 0.8100891167869765 5 13 24 0.22673867508088802 
52194 3.7145170354913786 2.6303858233861086 0.8380322058213059 92 98 110 2.04533350667236 
52186 4.163046888216891 2.413434060688515 0.8008354572943404 195 188 180 0.9857078202217112 
52177 4.177243653993006 2.389849776381636 0.8002903904478155 31 31 33 1.4451138144879754 
52174 4.001952813214727 1.7612755142028105 1.2158678795881623 8 18 30 2.6318371010553316 
52165 3.4965745060828635 2.5295943319449066 0.8432814779537438 138 126 48 1.926104739534807 
52162 4.1416356519312485 2.280486388574328 0.8346675174937683 37 42 49 1.1427727833760686 
52157 4.012522247840968 2.667055753282198 0.794313589092352 113 115 126 1.7241727655976884 
52154 4.096764512435478 2.5626594198789237 0.8083108423799623 91 94 103 1.3341173176457213 
52152 4.098830651362136 2.549863774088873 0.8083258146218838 92 97 104 1.3003732103137313 
52151 3.657254588759589 2.4305254854260427 0.8111016918259594 122 114 95 1.8210258151196537 
52143 3.523768980952757 2.5530621441794494 0.8448209774674413 48 59 122 1.3607995458618831 
52139 4.173715404629971 2.407693620648514 0.8126705305425502 169 168 158 0.7157245360872779 
52138 3.420801778523042 2.1866473714977643 0.7669277513290171 147 146 156 2.0965572864554667 
52137 3.7934513152167497 2.0985441002012086 0.8122650541215503 159 157 132 0.7352477477962539 
52136 4.736819471319955 2.4338082870598816 0.9350853918449041 63 71 74 1.2239263895962909 
52135 3.09825527619302 2.1787717784345713 0.8175126592314956 221 228 244 0.6107570765766426 
52134 3.187764658551922 2.253554642029542 0.8193766986012915 224 232 245 1.6215334007126123 
52131 3.3176800495265226 1.7200821085725713 0.8867535803394012 140 79 74 1.3557952696527402 
52129 3.483046535348822 2.531078468755204 0.7759886510642675 177 167 131 2.029807717882937 
52128 3.353678999605425 2.3147541354704524 0.7936910121700269 211 221 223 0.10419670133003198 
52126 3.8314271429212647 2.6601760985640497 0.8075434454241166 102 106 115 2.1020606738022436 
52121 3.3088758200361803 1.7099104949641997 0.9233313509533074 153 149 138 0.4144526391345457 
52117 3.8133142504002913 2.3853374788714192 0.7999325399153284 159 152 123 1.4947300564442985 
52112 4.305186082130453 2.191156369756259 0.8216822352229944 102 101 97 2.058540558998906 
52109 3.67730164558506 2.4481336734399846 0.7907920364198603 0 1 0 1.273595099414297 
52101 3.7224965096517977 2.6721065575611913 0.7996075274120082 94 98 107 1.4115942590179837 
52096 3.3325684201437427 2.176702494523081 0.8067274946216347 159 167 180 2.0864753456137084 
52087 4.539412834167471 2.205399873864975 0.8495709789046775 60 60 48 2.0787212957283363 
52084 4.62093893316453 2.155466387086778 0.9242089545742015 113 85 63 1.0933942075598195 
52075 3.2802200276208677 2.188441004696415 0.8458416924897287 192 195 210 0.9391482801263414 
52072 3.6307525189367413 2.439495652210102 0.8044710012317414 2 7 13 1.8606342718100943 
52068 3.6000862468582255 2.3310926679620714 0.7918187419693846 93 143 135 0.13650211020179745 
52063 3.409307103883431 2.1877203732230184 0.8748104210846583 41 44 49 2.045692867110868 
52062 3.3269627938165653 2.0334757375810435 0.8465643826806196 60 65 71 2.2821629185898513 
52058 3.80739536912565 2.39913641447854 0.8551633940258687 110 110 108 1.6575926241586776 
52054 3.3120377650421653 1.7115635855271862 0.9479707537727926 209 199 172 0.845286182544914 
52053 3.971779253474821 2.041159553018938 0.845232421395137 1 1 1 2.0542025079929283 
52052 4.531508132035135 2.3169433688826113 0.815505737773098 138 143 137 0.9192755870264021 
52046 3.489970979297521 1.7498593166707428 1.188593574395129 167 177 176 0.8552520077016349 
52036 3.216097481721924 2.2604232001019984 0.8397941536122181 171 181 193 0.9835508503640535 
52025 3.4012345695691417 2.1950558358528633 0.7807016559879814 116 128 139 0.550061471075621 
52014 3.6684505704996666 2.249806601662587 0.7888434653531072 152 150 130 0.5267339911379537 
52011 4.090802570471453 2.66175749761202 0.7988477431477631 185 184 202 0.5154162043801364 
51987 4.634971590406753 2.1998490745010644 0.9640456593244362 155 159 160 0.6303932660544507 
51985 3.2365565902344184 2.411436340823517 0.8268090031245167 204 212 225 1.228701315431953 
51963 4.088290731655382 2.6643744704224637 0.7931721593759656 20 24 36 0.4819344831220346 
51957 3.804381028881387 2.108561127710905 0.9261678583605536 48 56 58 1.2620322176255008 
51952 4.456067959868523 2.2265975313538506 0.8409601391251563 73 74 68 1.4137537348047045 
51951 4.521749712954495 2.207106800863276 0.8317273351770248 0 0 0 0.5818619948054591 
51942 3.3980483803312156 1.7215994622548474 1.2794187291922994 174 184 183 0.4214208347720809 
51937 3.0590361379148296 2.134014154967585 0.8083806460965869 193 204 222 0.5735094475089506 
51935 3.6800528115118407 2.59484129409798 0.8062931184496407 83 87 96 1.1790716867001696 
51933 3.829394061709647 2.6717930228130378 0.797114517118663 109 111 123 0.336539469926138 
51927 3.7731809073085154 2.431163893197951 0.7679792709098199 176 167 150 1.5417479676457393 
51926 3.7316048307888723 2.43714088146113 0.7966056267187196 177 168 151 0.07596584213463127 
51925 3.7098840495655288 2.357396490709141 0.7850580480205814 178 167 147 1.8977213411513023 
51922 3.6570848774396936 2.2275473274134856 0.7629641147941654 19 15 6 1.0720256813933542 
51920 3.285368467751749 2.1859465814074186 0.9766636574101457 33 38 44 2.079939143110538 
51918 3.302238905689032 1.7158615753271669 0.7597403462043648 167 162 156 1.5136157536574255 
51914 4.090190902666483 2.5236107180423666 0.8111956204558534 235 231 206 0.8061244832950017 
51910 4.110190213306742 2.3019711615984613 0.8321934289292363 0 0 0 0.8555663701405833 
51908 4.0168190012836185 2.1255159877201715 0.8386099082256445 61 65 74 0.15524867211766602 
51903 4.38864276928296 2.051220249655195 0.746108162389806 65 65 73 0.8088806154910823 
51900 4.453511813842439 2.232121104917802 0.8342431756446755 67 68 63 0.6794249315454142 
51899 4.542157717762561 2.2967160999873997 0.8297494860827515 97 102 96 0.8207822019815723 
51898 4.531652173484712 2.2829282306124514 0.8331571768503453 88 84 73 0.286061290706285 
51893 4.430305661087127 2.069575586202742 0.8433003161055774 92 95 98 1.7887846315540403 
51892 4.538509288832502 2.1253204321847834 0.8508404795437852 137 137 127 0.23424432583885077 
51890 4.690918907881842 2.206030841948303 0.9264938782599759 219 213 217 0.22435274802536248 
51889 4.6369419989220795 2.154429809633784 0.9275481106362973 65 46 31 1.4297550805711394 
51887 3.48621154874799 1.742290653587741 1.1916150709673596 122 132 131 1.2605521421131953 
51886 3.505840277643422 1.7614008205960778 1.203650010037188 16 25 34 0.1704100250900632 
51881 3.1756682760254784 2.0332582907642895 0.7679317017860053 164 157 173 0.5855555292961679 
51873 3.3070224783165263 2.0232936422170003 0.7693564751509534 32 37 43 1.2460521133314149 
51855 3.900139426749326 2.072598313369477 0.7760077447002574 160 157 142 1.6419571180925672 
51844 4.620144517850327 2.3848803540682075 0.7690580611251998 133 137 120 0.33935439128899825 
51843 4.604349054548258 2.390635569381293 0.7765754132094597 133 137 120 1.4525346422093377 
51829 3.2710802048895604 2.1025767897859513 0.8089098040816148 193 199 213 2.016405544511008 
51817 3.9433027759188377 2.36760536908295 0.8699702607162545 210 217 227 1.3809521359579788 
51811 4.505800503022917 2.3791827843428766 0.8091724476931064 177 175 163 0.018606377994375894 
51807 4.242363932283011 2.0841033160550335 0.8295089063904141 46 45 48 0.09814026302059967 
51804 4.535675973468981 2.275673898108952 0.8460668868341176 133 129 118 0.7456588384337244 
51794 4.037914074015379 1.7621441160135751 1.2682186122105028 171 175 174 0.9292957283400586 
51781 4.6880987875362035 2.7766339997529017 0.7761566194416023 115 119 119 1.4422530404043037 
51778 3.7974345292926612 2.2516620900519118 0.800294613268061 73 64 89 1.3286492324059815 
51776 4.64113567268121 2.2042652723001352 0.9597538564558439 60 64 62 1.1063505812091567 
51762 4.486258777369725 2.235412614365335 0.8308565970656395 126 127 109 1.8198100656950396 
51761 3.9947206107274122 1.7859636776494376 1.3156340610529054 82 89 85 0.21672509669285206 
51756 4.858836637376743 2.630267234090539 1.1030699697989732 104 102 89 1.69145225016443 
51755 3.719418801001924 2.3459422654273547 0.7866061651592088 208 191 148 0.5467536564340728 
51754 3.9193614615433563 2.654702527166331 0.8009407444116532 108 112 115 1.2785773319342089 
51753 4.766019463699456 2.7908795379015734 0.0867667781749919 11 18 24 0.44160533107603317 
51736 4.070398302972802 2.586960126421098 0.8078758682009123 111 114 119 0.6026042980860266 
51723 4.639372681335009 2.283486444222836 0.9393738599748671 0 0 0 0.3124044649774898 
51717 3.767501038505075 2.596358567229634 0.8085888971682019 90 94 97 1.3472345031013024 
51706 3.7121842753278864 2.0748096819808226 0.7930470888313128 165 160 132 1.592266357973828 
51701 3.948707709410833 2.047704401515332 0.8256060088596349 172 168 157 1.044854605577718 
51692 4.462868699892251 2.197132616550716 0.9535646101112775 31 39 41 0.92816328531226 
51681 4.251619065231969 1.637769163046005 1.291591995013415 177 169 150 2.638814315600384 
51674 3.9398176793694706 2.676914399317261 0.7896451816886093 75 79 82 1.2708149934111228 
51668 4.026339002328232 1.812975598995838 0.5050177024074661 0 0 0 1.1873987688434646 
51664 4.03198300911082 2.3867395436110463 0.80451218830189 158 128 93 0.561342207984442 
51660 4.182976077099131 2.417920972208936 0.8026218434659576 57 49 26 0.41741852356115405 
51657 4.266269268266102 2.4112111608983833 0.8007292266803111 189 180 172 0.5148270060837703 
51653 4.1238187708838066 1.9128652865725373 0.7698502226314098 0 0 0 0.010835719870329722 
51652 4.167944696496525 1.9851028847219214 0.7872858954513038 148 150 147 1.4284183661934606 
51642 4.498792176471088 2.2053918766954217 0.8335060720936506 115 113 100 1.393062492089348 
51634 4.641807255197641 2.130530198834012 1.0571907773974292 143 142 137 2.281537975168654 
51620 3.971401328435185 2.6729948025217474 0.8083152694907153 126 127 129 2.222259391295603 
51618 3.758101912410055 2.128552313223955 0.78266912525318 144 125 111 1.2688150923338248 
51616 3.8874537883325586 2.0809874985063423 0.7861229690152437 183 179 142 0.5760634935155539 
51608 4.150197238318668 2.054496921470002 0.7928291583342126 16 25 22 1.8966174726951137 
51604 4.339316709386599 2.013208937475028 0.793535536159825 48 46 35 1.137305356939073 
51602 4.544609488792679 2.3770495711198447 0.795972451962673 173 159 124 1.6965809179035893 
51601 4.377815274075452 2.01177125646695 0.7913257785491546 109 107 95 1.2777005477967345 
51597 4.6739087430527775 2.3639938379039007 0.8260128207691637 162 160 137 1.0276675141875518 
51596 4.532616007518069 2.117959909758736 0.8485036728840394 151 149 124 1.181829895250343 
51595 4.4999349161638955 2.167422295953065 0.9077748105814849 139 139 113 1.772758452744845 
51588 3.6081389287466266 2.3049182276738276 0.7887014441944943 36 31 19 0.3859724595234534 
51587 3.5918915151087503 2.3293748119378392 0.826389399329034 177 171 157 0.3808798829767865 
51583 3.906201591069798 2.5727033104566326 0.8105529290573549 83 87 90 0.578349599936182 
51573 4.065535421130077 2.001072203724652 0.7908897114266925 69 73 72 0.42056673208338485 
51572 4.343137193675309 2.039233458811621 0.7933610787580673 88 82 70 1.3416837176747192 
51570 4.396417507042853 2.2018042545084695 0.8364157910356605 210 208 183 0.44516166781498007 
51569 4.3958995739749485 2.0098379196562144 0.793695373682502 84 85 77 1.2658090407024485 
51564 4.88818410829342 2.7012135943558175 0.9337132164710342 140 153 161 0.5297492514967884 
51559 3.627930304492393 2.270638743573807 0.756998952652289 195 189 175 0.7515141955843218 
51557 3.7270210687699126 2.1637283115748547 0.7808783444682044 64 73 75 1.7584901158010762 
51553 3.78635053431569 2.1561989691864474 0.7961462870956139 101 61 64 0.3183204321882656 
51552 4.1516369712181325 2.247423353802078 0.7907157125038092 1 5 8 1.0883956255170921 
51550 4.236251969060283 2.438491255551286 0.8203800069800172 123 110 76 0.3598185170597335 
51544 4.465828323632877 2.208993391753241 0.8364359271875295 185 183 170 0.5104406046645081 
51539 3.760549176269615 2.2554358859409254 0.7969419305266972 170 118 107 0.753497446157106 
51537 3.8092680045428264 2.256671288348726 0.8073880808219903 0 29 99 0.515603056951912 
51535 3.81059692685122 2.1171814616402598 0.7899633763098226 178 167 161 0.3136854732946433 
51534 4.147976935788029 2.332240068427544 0.83627192702758 111 105 81 1.1264108827301593 
51532 3.290019472894504 2.109724560766984 1.1884334852849507 153 158 161 2.2557732987093804 
51531 4.070011292814359 1.740068712694771 1.31899051796339 0 0 0 1.3510045704536457 
51524 3.6235330672909454 2.4109723809957826 0.7792249797985068 51 48 39 1.3326896448829784 
51523 4.126280945810523 2.1925894168840516 0.7987225817486258 21 30 38 1.5330417178908258 
51520 3.758358148624171 2.247971435222716 0.8020971066319693 63 12 22 1.4631767562626339 
51507 4.2544708862105 2.4100382975151193 0.776436567825736 199 192 163 0.757160605391296 
51498 3.6125603483866016 2.3001639996306853 0.7824403932284095 155 149 143 1.0887285960151718 
51496 3.841113186173852 2.4791453662327414 0.8580475116416837 254 253 248 1.6777835509342474 
51489 3.9958077459966255 1.7428113238018992 1.2999179492783877 249 249 248 1.586678389107957 
51488 4.032131636391029 1.758458733893173 1.3055547264793201 248 249 244 1.4456864890379177 
51486 3.783190244918692 2.6235443897649695 0.803948010166265 106 113 121 0.48488925314727943 
51476 4.694808970193482 2.1986815962823076 1.2143791386029266 250 252 251 2.239869046429086 
51470 3.8453406922772797 2.084846261584847 0.7750458412842967 0 0 0 1.712162642679832 
51469 4.17372171042857 1.892748918724488 0.7291740033706517 42 44 41 1.2921520090914869 
51468 4.440819693478806 2.3705265410512695 0.7816575417452445 124 117 98 1.0778731809289168 
51466 4.716769888384811 2.323685616244645 1.0309479692401666 161 166 172 1.7445232021772616 
51465 3.8919303477363396 2.0738640727359137 1.2891652743765343 52 60 71 2.041584151160858 
51463 3.2671503699446425 1.7317863321683635 0.771544016208007 197 190 167 1.3949779921107552 
51451 4.67714928323805 2.358916203045678 0.8391653895742636 210 207 200 0.7711784421726571 
51448 4.63938790999544 2.167668144669212 0.9114705465580675 114 92 83 0.6554265267429566 
51446 3.8791915091383364 2.064421197196351 1.3028029637903273 49 61 73 1.596117305280879 
51435 4.2578020174433 2.0847730866074414 0.8134376796337855 51 58 66 1.2442703500097927 
51434 4.483636811758035 2.3456682109014975 0.8103027057396267 149 146 131 0.6599656129220655 
51426 3.743562454293471 2.088683402193168 0.7715460438373701 168 160 137 0.6966132690970871 
51418 3.951731255490209 0.10035832328142691 1.6634541730438304 94 113 153 0.11901831370208228 
51417 3.9505119614078628 0.1071321830244858 1.6620966974041154 94 113 153 1.08746327668545 
51416 3.397856585263625 2.2274885695983 0.8775160478736471 120 139 150 1.7655768852554654 
51408 3.287700381768487 1.71842306767919 0.8046256956629687 127 102 97 0.8111413717188226 
51397 3.91562883863649 2.4169162411214726 0.8213723063097589 251 243 234 2.1996429296676374 
51394 4.167496628982214 2.2439756581208234 0.8186517515005707 7 16 23 0.9420423489738745 
51389 3.8682770725016686 2.088704178089479 1.302458151293465 121 131 143 1.8997823944969419 
51388 3.9199355748878677 0.10422376767686536 1.439030724707198 66 88 127 1.6212301742555313 
51384 3.752480522094984 2.1414146903778652 0.7707292915298329 45 37 28 0.6609351275006712 
51382 4.1629315716198825 2.2758173449563674 0.812760556357683 71 80 87 2.2790247037346356 
51378 4.532407407185978 2.346676351562163 0.8164734880478691 51 54 36 1.8264526985558114 
51372 4.630356987516704 2.2168933270304665 1.247880437269416 124 136 90 0.8442535116872293 
51357 3.826729815311651 2.3167535194195454 0.8085045854875509 36 10 14 1.3081993171085144 
51353 4.059819782453245 2.2575718047251936 0.8356722264998574 21 24 30 1.0381892107334911 
51352 3.092100331135557 2.239274791491871 0.8160222026244452 221 228 234 1.6896662464466703 
51351 3.5194483805912333 2.532459530500125 0.8440391544999252 25 47 124 1.7360238727286919 
51333 3.0777585899700557 2.20381325640402 0.8162853095851091 182 188 200 0.7381562364201134 
51328 4.0633695396052705 1.7713365821196683 1.2851592970095127 61 71 81 2.348400427898794 
51316 3.7593191605185163 2.148739476938367 0.7893944455163687 97 85 57 1.2537026375877605 
51306 3.5080406246370046 2.416415581626013 0.8381164315525093 196 192 157 0.937821195930067 
51304 3.874022005871865 2.665796257990955 0.798150642521261 34 38 47 1.2972532308275528 
51302 3.4089341310993673 2.183524491509206 0.8726388354202648 46 50 53 1.471382354520788 
51295 4.613492986177381 2.578000273920059 0.7787509965178471 184 187 157 1.8133026473501261 
51294 3.299414503303138 2.2145426549088856 1.1602196181793434 36 42 28 0.880518012467617 
51291 4.702094604088517 2.2865121205294208 0.8979691099601945 56 57 59 1.6418185679990516 
51278 3.7395745011722163 2.555593702073972 0.8053621370858987 58 60 59 1.4475965894868204 
51277 3.405574042619874 2.2041643768601653 0.8048341789757212 116 133 143 1.3196162270232548 
51275 4.031384595663161 2.662077400703758 0.7987136013126839 64 66 78 1.2663666222459493 
51274 4.071616881650234 2.601670603921213 0.8069510930983379 55 56 65 0.6500443387373376 
51272 3.6938306936469445 2.015182180612454 0.7937279803184808 171 173 168 1.0296490251486041 
51266 4.47424994270024 2.3763942646691287 0.7896214210342423 36 35 15 1.3755228290486619 
51265 4.345125519764448 2.1000557975777108 0.7933881643057 0 0 0 1.1991053650324937 
51264 4.351693941983282 2.1507720133507653 0.9238317137626938 143 148 144 1.5595592795602766 
51263 4.63197702915304 2.1627904527771005 1.0586199980272082 138 142 145 1.395701333963429 
51259 4.677157013668769 2.2286727763247227 1.1342012265322583 212 217 218 1.8613154384580426 
51257 4.7297835288569745 1.8397760615292544 1.2430494042809068 171 170 166 0.10542914346355098 
51252 3.7251098630361343 2.6634693677648285 0.8006320160194649 105 109 118 0.5419708736662777 
51248 3.6613469375499155 2.4633116203311816 0.7990456409647607 88 95 88 1.5990729749555161 
51247 3.7975371940767326 2.5936016256679424 0.8088594511390887 96 100 109 0.7790370520054749 
51243 3.8212578685931033 2.5912654022219037 0.806695329937371 97 101 110 1.028196217842282 
51242 3.828101767867536 2.603623834394187 0.8114656188386609 77 81 90 0.6771771304619191 
51230 4.484424242505089 2.3426683537280333 0.7807102831228856 155 155 131 1.1146042064317938 
51224 4.940930220719897 2.4578289906732467 0.8687831172926959 123 129 141 0.20647389966675805 
51220 4.711049395361373 2.471968927098431 0.997566290596122 188 197 194 1.4935768265218197 
51215 3.992262974505458 1.7830582738985923 1.2900756839213738 177 187 188 1.3013760573502142 
51209 3.7541682004618484 2.6381019916331425 0.799457608706545 86 91 97 0.651817004161113 
51200 4.066312522717293 2.3616611991691023 0.8293920969848337 182 183 176 0.8814172157144649 
51196 4.277685990283192 2.3855120429689096 0.8395018881071721 29 29 18 0.6600002578914591 
51195 4.028091855340662 1.9743729174816422 0.7835929020894173 167 169 158 1.171937402869044 
51186 4.155254185090128 1.9325216830577907 0.7863980637344251 6 7 2 0.6997433790917272 
51177 4.43107612617017 2.2412949836022023 0.8649782984776999 61 63 50 2.1845914407934437 
51173 4.4312306354225175 2.130876702476444 0.8507953810692738 70 70 60 0.6179897901894663 
51160 3.526099539922822 2.485275478952736 0.8462939633847794 169 194 220 1.2384807409568448 
51158 3.8324362437659647 2.6126873699493447 0.8060200370086376 34 38 47 0.5306503844983512 
51151 3.311556543965265 2.008461467356989 0.8383615786051485 121 126 121 0.8908310297365004 
51147 3.727520729255173 2.1158657982568974 0.7739312119342796 62 66 67 0.8229901365798045 
51142 4.266124189782238 2.421170234804751 0.8103480807912697 198 192 170 1.479997918601904 
51135 4.159790839204312 1.9271233417186144 0.7688247433261506 15 14 8 0.32576934719288353 
51130 4.357081467235949 2.235567088260955 0.8211202642185795 153 153 145 1.0429730847353236 
51128 4.206497479340783 1.9259138208789242 0.794579323582094 111 116 117 0.780938792227178 
51122 4.366487878939749 2.097708892718619 0.8735437786349147 92 97 94 1.807641112376064 
51120 4.443148173463381 2.193522369106433 0.9499771177896559 38 40 45 0.9490847933089164 
51118 4.638774772073591 2.1668280340092627 0.9172035488635253 156 147 142 0.8683096304292542 
51111 3.756612507237801 2.5864211053969495 0.8085345536545254 103 107 116 0.8432385762842727 
51109 3.3194723480482344 2.246579900291063 0.9476617876873537 52 18 19 0.15779138024602338 
51108 3.7924219362449927 2.447399739872334 0.8189271642052601 104 102 90 0.7760865759323337 
51106 4.094734161358557 2.5631828528635 0.8079381514423793 42 49 45 0.7080211244015983 
51104 3.728361269632857 2.06515577923789 0.778630064145334 21 22 5 0.10474267670834216 
51095 4.15357131864123 2.337500895330736 0.8195298316039756 61 62 59 1.0285005038656303 
51094 4.193992593192216 2.3978593036350357 0.8284477136577342 1 9 12 0.5565905239473338 
51089 4.079053916443518 2.135742767140779 0.8243392567145393 11 16 24 0.44213532803536276 
51084 4.484923881764272 2.345200964298972 0.8033109927318903 73 76 57 0.7067333121263752 
51083 4.255396832611693 2.069209853059801 0.8150299368130797 2 7 11 1.5228725248996149 
51077 4.536687626550787 2.3206565866563587 0.8307802968857654 168 172 164 0.3560710577646155 
51073 4.763045097031611 2.4554743443096765 0.9249902585295902 26 33 39 0.265543433388314 
51031 3.4147148103309988 2.2140950259236005 0.8022252623519304 158 166 170 1.5228793331160526 
51030 3.232116068543165 2.6603450886105775 0.7802596229592069 213 221 235 1.306051762140368 
51028 4.49451973338981 2.3707919570275964 0.78718784651099 50 47 39 1.743074523599209 
51021 3.3038226306966694 2.4682293919438085 0.7923123282513972 142 166 210 1.6645141495775755 
51020 4.668259484950763 2.3658842809168643 0.8276671543608228 133 135 132 0.8274416329505169 
51010 3.555731550650681 2.5530690627357386 0.8336258641079606 69 65 68 1.0477574944445454 
51009 3.6380471750168972 2.5252864617412936 0.7979161464593436 27 33 33 0.9726869938112124 
51003 4.679053850748163 2.666883110266858 0.10030408308546601 26 35 44 1.2837024057833772 
50992 3.317048509327557 2.197772306892775 0.817689752205558 202 208 222 1.2405065687407375 
50991 4.552072552517844 2.6965087651945736 0.06230270437581242 5 12 18 0.4468460579888119 
50978 3.4128413385091307 2.199370642221625 0.8664108227555404 169 173 175 1.083945426765198 
50974 3.825953262289354 2.6367882362149397 0.8054787750959742 168 174 186 1.0101466995148316 
50970 3.672251531251084 2.1310850873730507 0.8925624682137894 20 22 28 0.6089476466471742 
50969 4.089913198172691 2.3626817256302695 0.8109421103052272 141 139 134 1.8511190935252382 
50954 3.789727512602185 2.678413372959436 0.7968666655474508 122 131 142 1.4457400614180311 
50948 3.240524641833407 2.73059697181501 0.7814857982038634 218 211 184 0.8320893944059341 
50942 4.036237051618048 3.0584770696373758 0.5506563979369633 14 21 29 1.1329555576542818 
50941 3.4465262987675795 2.470364713073174 0.8206925945335365 91 75 65 0.5521272577453215 
50940 4.553864615390432 2.738146195879362 0.06365949131172477 40 53 62 1.2963693644028076 
50938 3.391064671397286 2.0340679472981957 0.7684794066025766 107 106 98 1.1407614562369721 
50936 3.3211610877685196 2.252644857938201 0.949822564385147 255 151 141 0.9088983418099591 
50935 3.6825208590713676 2.43777830960629 0.7930129229406931 166 164 148 1.4883756544070224 
50932 3.7889341610267886 2.6157183871325658 0.8053127071663687 9 17 28 0.5137979263279211 
50929 3.7914483988845213 2.2951236229065834 0.8101055065032837 6 1 34 2.414633525615113 
50922 3.9651715575006543 2.0676296395087514 0.8173269562921096 161 165 165 0.5711819944383494 
50915 3.254435831400789 2.654639283216011 0.7783564191990364 196 205 222 0.4051162356926997 
50914 3.2450391201582107 2.4944909918578015 0.7867917290566258 42 61 65 2.3068113331757556 
50904 3.67215595728776 2.6639985121590772 0.8013215832375175 8 14 26 0.7675942456437818 
50899 3.802985872633809 2.687299942781067 0.7975087560725214 144 153 163 0.5490405210548559 
50881 3.2261553449773546 2.6188447849765986 0.7774627321750678 181 190 207 1.1432876752053585 
50879 3.247154185970517 2.637917378117761 0.778030337392345 157 160 177 0.3535213649027642 
50878 3.2551362778590374 2.6366738404751 0.7788050948485208 164 171 193 0.2452688865634228 
50877 3.2719323934205677 2.6647222966241 0.7789062976238551 226 228 249 0.2837777710777326 
50876 3.287291224802824 2.671121969430782 0.7782166623929714 203 205 226 0.6765627540991185 
50873 3.2331406570041574 2.415357085835576 0.8273685360840152 177 185 198 0.8170383687981282 
50869 3.2300917190435303 2.306257912462895 0.8273676823569912 221 229 242 0.3929822266234881 
50868 3.288853197471048 2.400967925779956 0.8370262218541756 163 170 186 0.8924425636444363 
50867 3.7625808288323377 2.7214752341204997 0.5729680313301873 112 104 92 1.7282642889116144 
50863 4.775158512614343 2.8013105008981753 0.09626253915055694 33 43 53 2.041861654320392 
50859 3.7157048509555457 2.6568272823087895 0.8006300301504862 137 145 156 0.7624687649377018 
50858 3.75637716705384 2.594513762950328 0.7650644686030077 87 94 104 0.020774609007862516 
50854 3.703852566283916 2.570262360656702 0.8090949875886512 129 138 147 0.6722782432161748 
50849 3.718727058812907 2.3225217250413386 0.7784237621522346 194 183 155 1.0640910464733364 
50847 3.8988021876657593 2.5801726993776146 0.80922723656509 25 35 44 0.8901054817816287 
50838 4.4424418989621355 2.016948033746078 0.7905457154442224 71 82 86 0.2845409150681022 
50837 4.683319204748012 2.8067982612051425 0.8192279539289616 95 104 103 0.3358894561961703 
50834 3.197279751011734 2.6166577501790056 0.7789483612810385 175 180 199 0.16899480675366962 
50832 3.240827635731329 2.6408202536125316 0.7777126861532466 158 160 185 0.4910860841195555 
50828 3.2967772380539206 2.5227669497438483 0.7947683236057091 65 101 140 1.3262594763979796 
50826 3.4668898816682145 2.810300687047162 0.9637922198923882 105 109 104 2.5892571003331133 
50825 3.4732410755664516 2.4415063225791265 0.836754031971918 159 154 24 1.7866858249204636 
50823 3.5451399452445567 2.5200868717124196 0.8451025958151505 184 192 188 0.14769057655264292 
50815 3.4655358109849352 2.0370481419358755 0.780956836717055 29 65 62 0.14435902203804435 
50813 3.817853696097199 2.68722604661202 0.7964673340145572 124 134 144 0.1225639507940331 
50809 3.7357718524587757 2.1563027099560976 0.7780992409593597 42 49 50 1.3987621327717739 
50807 4.028534243189565 2.6243511665743613 0.7747217184283065 22 32 44 0.9597948241561288 
50805 4.084468326698232 2.6039085419162777 0.7741290470509324 142 152 162 1.7428646283133613 
50804 3.99741175390467 2.582717394045078 0.8127561527532354 32 42 54 0.2994026736067432 
50799 4.088035708971304 1.8466721681315301 0.7712195560760332 188 191 196 1.2722057814181111 
50797 4.45821903688423 2.0432326536045835 0.7805394866818328 32 36 44 1.3769225443242257 
50794 4.6763658281279366 2.537384613458056 0.8013133472109594 56 38 23 0.9413901542552541 
50775 3.926871827891188 1.906149943360836 0.7812945406364012 193 196 201 1.0305233722601794 
50770 3.656507286792087 2.5141206672449874 0.7954815305910431 23 26 19 1.0342793260382024 
50768 3.9457503328845736 2.6507602461809667 0.6971472128583672 131 139 150 0.6782307920426875 
50764 3.7693721782801495 2.153810094620842 0.8029469990006314 75 39 49 1.1688145250996933 
50762 4.046817998629098 2.5649119365905886 0.7871886522781575 103 113 125 0.6292108235677039 
50758 3.4355336693485428 1.974883420286454 0.7281022636852384 54 56 53 1.8893883069632178 
50757 3.6464675080708933 1.7479006790440885 1.2941463544915885 63 75 87 0.8159062122738583 
50756 3.8219615057241882 2.599914328303544 0.8086579291988899 94 102 115 0.40934491419733066 
50745 3.8115405790960253 2.6888204599199055 0.7956543245028064 32 39 47 1.3359789869258962 
50739 3.311916565476779 2.378657732309155 0.8280199328899064 168 180 194 1.5318651204647171 
50735 3.312693245113947 1.7363394391880334 0.7839189752901172 20 17 15 1.2144441049177515 
50730 3.5403585138199785 2.5360242416026075 0.8468734213158732 48 54 90 1.334506220832441 
50722 3.8477307064715336 2.267144899852104 0.783745071687171 74 23 40 2.0191148748901244 
50715 4.7259648470631355 2.3600112645882447 0.9250455544518983 97 104 120 1.7215445550124875 
50707 3.4278574783488462 2.2080905452724187 0.7809477716241647 215 214 216 1.4519443137960317 
50703 3.8207713832852424 2.6400490248221278 0.8011307392437717 49 56 72 1.3339040691044552 
50702 3.946531913697702 2.6817083050910906 0.7895876625268298 156 159 178 0.8473533559165709 
50696 4.413157465436738 2.0813789404663914 0.7911281418503453 112 111 109 1.0489913467183956 
50693 3.331956605642733 2.161647137610723 0.791257277729232 178 186 207 1.1875073246981032 
50691 3.7550351315189974 2.62801430224019 0.8024112202239457 48 55 71 0.872817890126189 
50690 3.6912301334514583 2.427078396845774 0.7853750884837806 28 15 8 1.7830188466199648 
50675 3.797842315197823 2.604809897492453 0.8086808344652867 156 163 179 0.0599017738507553 
50673 3.4217095751838453 2.2131850404724442 0.9529762134266353 3 10 18 1.8050658328183418 
50671 3.477517911085732 2.20513519378253 0.9516209688427061 47 54 62 2.431528680285614 
50667 4.639743622076652 2.471381327516405 0.39726519862113996 138 148 157 0.8695454838347558 
50665 4.667284982131017 2.531057461032634 0.7815306145008989 154 155 157 1.1585621530100727 
50664 4.495534595512797 2.253036879394104 0.8352732726957516 197 199 188 1.2780300646588838 
50659 3.546157583819321 2.488053165432882 0.8397390397285999 141 180 232 2.0169784470035466 
50658 3.298093101168269 2.2343869570012793 0.9489716862943544 114 116 131 1.1365211097496841 
50656 3.721915908121182 2.5610651567201117 0.811585738608941 62 71 80 1.5808693691394213 
50643 3.8803674461389432 2.1280910964173447 0.8401794659985186 128 130 127 0.22298983374005943 
50637 4.080908776345995 2.203849296783088 0.8915553216504818 68 75 91 0.7359556031455464 
50633 3.150533080998443 2.0015601340952114 0.7948792757014999 119 101 97 0.9918337042649994 
50624 4.0217453886631125 2.39523580554017 0.7942152239994998 182 133 89 1.371125589271535 
50623 3.2492841538029293 2.1328595081911503 0.8365306301179893 216 221 240 0.527820343650866 
50621 3.3136646209035305 1.995423664609554 0.8405155751812039 136 135 140 0.8769091262575878 
50614 4.433635538577169 2.0127927037392266 0.8132234370346677 167 175 177 1.7247900833607643 
50612 3.232946789410997 2.0316801821370496 0.8170500308266548 156 154 167 0.7773846235038067 
50608 3.309757089601518 2.0085225750711375 0.848209708214061 28 27 32 0.745993459203385 
50606 4.751937934274853 2.3289188049419236 0.8883321364067472 161 167 170 1.2369827827307733 
50604 3.8030400092509904 2.401478373534229 0.8707999905944345 171 176 180 1.176049327167973 
50599 3.595462244181835 2.2538118934732196 0.7625058996816144 212 200 174 1.249407855702659 
50598 3.881570439402182 2.679544203533928 0.7958267489618274 108 112 121 1.0021956144749107 
50597 3.5216135007034537 2.4974541369529986 0.8453954278017638 85 121 159 1.1821303630221909 
50594 3.61433167855309 2.2793681258442047 0.7885033357626172 130 126 115 1.94073138616513 
50590 3.7981948489247563 2.4092283770859066 0.8648785691538803 159 158 157 0.8639145958430468 
50588 3.306260042377054 1.708936230532002 0.9519102199307585 183 181 165 1.220544319225104 
50579 3.2677225243828967 2.0090695251572055 0.7932015322526798 79 72 71 1.125201211828958 
50574 4.2446508516570916 2.0688783058831524 0.7996627716958681 3 6 21 2.480929390173877 
50558 4.678969846246424 2.4138512597077204 0.8471617752157021 150 144 128 1.4140470747502836 
50556 4.607617797927983 1.4801228319239454 1.2706348712956044 171 169 170 1.1470515103124916 
50554 3.70661042496923 2.691281711344709 0.7967005960354218 136 143 151 0.866594544246245 
50549 3.586079802482411 2.347223651108563 0.7871806169403414 133 154 138 1.5991585513539277 
50548 3.419684318917712 2.160247690179002 0.8697885547108998 55 58 64 1.633387583055623 
50533 4.649180402197677 2.3209747961377225 1.1149095150297732 127 130 111 0.567715333717763 
50532 4.689296811152639 2.1985622019689663 1.1673589764046755 248 251 249 1.400911139447202 
50531 3.1855832984687904 2.0252805183984384 0.8180680857058441 85 80 77 1.717622122498331 
50518 3.8057334814415156 2.6137005492595407 0.803687133237712 43 48 57 1.6171006287787404 
50517 3.8364901648534637 2.6017935936659153 0.8051565885506133 72 75 84 2.073588425346152 
50515 3.962893645799422 2.6164069145129876 0.8092628072099421 112 121 130 0.8764295380236132 
50513 3.9822603363021116 2.075822680117302 0.820812891563417 141 142 135 0.8126082691160721 
50510 4.205938231690024 2.3550294541626484 0.8073991851932363 12 15 20 1.6573001478176823 
50506 4.643826921063908 2.173043410330109 0.8971980472737682 91 73 70 1.3822907634123809 
50502 3.5745694081605426 2.549698209968825 0.8203058160616319 73 62 68 0.8553370687906114 
50487 3.731670678213629 2.4385052651826173 0.7849274649912009 195 181 154 1.2609483409696438 
50481 3.8186616033362557 2.2731274040847396 0.8041233344095459 81 68 80 0.9406267704532754 
50479 3.3028155991005335 1.7312906512665713 0.9687569396813965 243 233 210 0.5273906735388015 
50460 3.7586302945882832 2.496765239554983 0.8072896319966364 67 55 43 0.06911622448381813 
50459 3.74128467924055 2.1597971679854364 0.7804864839448352 0 0 0 1.247636895168683 
50458 3.730311209206367 2.0880802689828566 0.8690381011527061 138 140 137 1.0331850079893197 
50454 4.505573463752478 2.3432613320719557 0.7987682153882973 154 152 137 1.4171851835649019 
50451 4.644217041499346 2.2009401308230294 0.9830652672730166 184 184 184 0.10448395437780843 
50448 3.567962897365784 2.5183739062751336 0.8215451139382007 152 161 204 0.7244587216348277 
50446 3.406633604044492 2.1901540969281337 0.7925978592355891 144 158 171 0.3969630993983155 
50434 4.044984208463432 2.157391734497624 0.8467607834230823 139 152 161 0.5091623494827778 
50430 4.357925914175308 2.1335158833111274 0.9169849169974119 117 126 125 0.952428789358494 
50429 4.524083787370927 2.2064866466480417 0.8684283707603899 168 170 157 1.7567571629212448 
50424 3.182585989587398 1.9462604231372482 0.7494573715137236 78 76 80 1.0348714146676699 
50423 3.250909548641943 2.069252331091784 0.803680425842934 116 118 110 0.1713560932801358 
50422 3.25016653990744 2.0560780287284732 0.7938659831881325 118 121 112 1.0475863384092674 
50421 3.661170883754282 2.5062958743443042 0.7887333074114223 0 0 0 0.9639534865573534 
50419 3.303311271098788 2.022242718051653 0.8574906974896054 99 94 98 0.9976473981732287 
50418 3.591549116128013 2.265842913418475 0.790808855613098 173 165 145 0.7566983317926133 
50416 3.6122031441541584 2.2871541551615646 0.7890491768789265 190 181 174 0.6757772204729526 
50415 3.308375484903704 1.751993096941668 0.7970897259929077 140 134 134 0.4376301881653492 
50410 4.139389162105263 2.291242571124484 0.8280645572929418 84 88 97 0.12267490469796163 
50400 3.6093366511205836 2.52353334738429 0.828810942102639 71 78 86 1.1304565757992218 
50399 3.4322825906683985 2.2246459663310967 0.854773003699337 137 156 169 0.2439882304935586 
50384 3.7590117086859234 2.466609488677874 0.8578918765384081 107 105 93 2.406144864597918 
50378 3.4591726779690517 2.4842342656401986 0.8362606611898387 165 159 119 1.494292462345133 
50375 3.421635411812474 2.21428735713093 0.779372338205242 148 149 142 0.8606743942639503 
50372 3.904177807081094 2.093608785187978 0.8071861594082215 160 161 165 1.7121966534152868 
50367 3.84402645841346 2.6757917669754754 0.799113574965436 153 159 173 0.791336399642096 
50362 3.4624997632571812 2.490888020061902 0.8102318029639197 168 160 109 1.5025247892071452 
50354 3.3042845216488947 2.2633323339369267 0.9550308564840403 38 42 46 0.28671088516863197 
50352 4.32555605036279 2.146995623375749 0.8123826453920735 121 118 103 1.807102690159658 
50346 3.1968119208792727 2.2719266361740376 0.8234996935859445 226 233 243 1.4252136529732535 
50338 4.315300643190883 2.930950908995339 0.08114297702191342 46 55 62 1.978099315256509 
50337 3.4016948935711846 2.206819419491856 0.8031720249985976 153 153 153 1.8181979515797637 
50336 4.7181391754730235 2.7328966017700544 0.07725851615620538 28 38 47 1.8427081710970892 
50328 4.1289444392956165 2.320945294580323 0.8144784252928977 45 49 58 1.996060978048128 
50324 4.2991275605861485 2.999838292592354 0.06980490999279798 36 41 47 1.4521895119378265 
50323 3.282080908413128 2.0996407316766077 0.8280491894367643 207 208 212 1.2366591867816046 
50320 3.59549839105785 2.4901331011101737 0.8213091888384323 22 35 55 0.5815159965217263 
50305 4.016834399229871 2.892592964007377 0.06678033760055335 90 99 106 1.6278918800332782 
50301 3.5270942534173337 2.568109792983371 0.7828514881458827 135 122 41 1.1792750170218242 
50287 3.7491182303057062 2.0191939749325334 0.7821563698801293 51 48 43 2.1295297972852105 
50286 3.760611875567465 2.0176662410962227 0.7875063118270398 191 188 183 1.3811216925962508 
50283 4.304512152809654 2.3859686715635773 0.8192548992790522 53 45 46 1.9326512666754094 
50276 4.466095296216114 1.9940235952654803 0.7979275171688555 119 121 114 2.2242983510974677 
50265 3.445298005984078 2.464836711407397 0.8194632199563341 166 163 58 0.8399006034750595 
50264 3.69669520131726 2.6675631460852736 0.7952100068605179 24 31 41 1.229222812712613 
50255 3.6194950094256213 2.09061886150686 0.8007394673822059 63 70 80 1.421839699861276 
50253 4.749318947190739 2.8209917338243415 0.44255274758953034 116 120 123 0.8512635534569029 
50248 4.188983115118568 2.4189152701742325 0.8095255276769486 29 32 21 2.0684753001432967 
50247 4.188463908426135 2.4196209133193514 0.8113402976113041 29 32 21 0.6578965980526075 
50245 4.104438228089952 1.8667265011687846 0.7644573744246037 244 251 243 3.282424867801554 
50242 4.354544733510911 2.0963202215331824 0.8173707898001391 91 92 86 2.4514940056671164 
50238 4.737919986374605 2.5385379971138216 0.9223542087306776 102 106 115 1.3234816531839633 
50229 3.2932150294398976 2.479167794868752 0.7910439030737632 179 201 213 0.6357157574263964 
50227 3.2394792461533766 2.41388737118534 0.8266950175033235 155 161 173 1.135954003065465 
50225 3.2088147013903217 2.3088265310608564 0.8273272255273687 185 192 202 0.3636393651630996 
50223 3.2345700034974434 2.2524296591479986 0.8326398216102909 175 179 191 0.713117200974835 
50221 3.52821249005121 2.5696430851550414 0.8183604632431136 147 140 36 0.9981006541444544 
50220 3.5311687130484497 2.567274040877002 0.8226198576977369 151 143 41 1.8701640057329343 
50218 3.3158604611779547 2.1472341235205 0.8177198588744528 197 204 215 1.4449952079351003 
50217 3.4675910037592033 2.4464649617660412 0.8465400486210934 203 206 55 1.2380398486382798 
50212 3.6818693888260206 2.603269180615773 0.8065847590864956 93 100 108 0.7914285548669516 
50210 3.761080648708107 2.6916609952849386 0.7954421663652923 18 25 35 0.5793183605661346 
50202 3.8069999277586506 2.632423381245673 0.8010277511868281 70 77 87 0.7658624165356351 
50201 3.8084816433557833 2.6314973693059676 0.7994783228431359 70 77 87 1.452965388487833 
50198 3.8346592628594838 2.465958194080458 0.7767167443384331 155 149 126 0.9780966238555272 
50196 3.9271036455260706 2.681538881211832 0.8039910042232461 86 92 104 1.1059933899112422 
50193 3.7295050693915286 2.07485718169706 0.7897150062875604 81 78 71 1.7082143189810712 
50192 3.7336670080490326 2.06851041109607 0.7841942961916512 81 78 71 1.0136914033227065 
50182 4.121456460336816 1.8887415554026965 0.7728800740648498 52 55 60 0.6349478085324922 
50180 4.17786772024354 1.9162543701182762 0.7900833424238326 17 21 22 1.5868289308352164 
50167 3.8971858682661162 2.8337334618782215 0.054752578933818796 89 98 105 0.5710804181611674 
50164 3.3255586087903475 2.508019325208396 0.7653648933712884 75 76 78 2.6614516040402196 
50155 3.28289322873601 2.3507953939148716 0.838046983139987 211 217 229 0.37701725429087984 
50152 3.4726101208008457 2.495134064048764 0.8430897209402783 198 180 46 1.9792114368506661 
50150 3.3060533083064314 2.184038969116431 0.8623298577137415 183 187 190 1.8498274502044225 
50149 3.699505294412154 2.684033868022406 0.7970838510124907 108 115 125 0.5166450928506707 
50145 3.6945025387023285 2.6402142145128917 0.8028607801430514 110 117 125 0.7009258063220929 
50143 3.56427773056401 2.502144501304732 0.8387629734095865 32 43 87 1.1423225505887276 
50139 3.815195458483571 2.629532354388276 0.800759667651788 103 110 120 1.2268219702696002 
50136 3.8125093808728616 2.583958684501982 0.8046557913509582 105 112 120 0.5183188963967053 
50134 3.8389531524966367 2.4734789206813685 0.7733634875341127 175 166 135 2.3254236875101375 
50133 3.7570927927269238 2.117042898003561 0.784476978958917 190 184 168 1.9159270757244495 
50132 3.757227665014443 2.1362323539270482 0.7928154061698954 84 72 55 1.3414973976836315 
50126 3.8969448322130362 1.95147846418297 0.7819757417986665 153 153 151 0.8179415124696638 
50123 4.290021767305453 2.38868000925724 0.8415295830616953 111 103 90 0.6286636453132698 
50121 4.224630777487337 1.9294838803484602 0.799423981566183 19 23 27 0.48456994171927786 
50118 4.497391905258177 2.335224074680756 0.7986877250910626 142 138 129 0.7628137154606076 
50116 4.660675017749385 2.3563235223147228 0.7809871888550648 1 11 11 0.6005602420090728 
50110 4.6143428192522205 2.1215713577046014 0.8492377849621773 152 152 144 2.5884153366749487 
50103 3.161571213902645 2.312692522108102 0.823196986967042 226 233 243 0.6630205249825593 
50102 3.299514782250929 2.464421393048793 0.7902519631692584 19 41 91 2.2434900077898647 
50100 3.2000905762738663 2.285354364986728 0.8230554210939189 158 165 175 1.383490633803261 
50098 3.2524725379495947 2.176457791368158 0.8306039191641119 151 135 76 0.3355372504753404 
50087 3.699645160729169 2.6614760324621916 0.799709366474844 55 62 72 0.34998703355215244 
50082 3.5957402039737247 2.2643758818404525 0.7731959715950779 190 184 152 0.40032162787967573 
50080 3.6139902003007633 2.288156474111889 0.7961284763348722 188 182 165 0.3725987659703298 
50066 4.159756961348417 2.4110990071890455 0.7950658740208036 78 78 73 1.5340568578336455 
50063 3.991974455147485 2.1327260334223945 0.8246325455626466 230 234 243 0.9758556204210033 
50059 4.1416894415386 2.3071634711480833 0.8307944912393544 163 168 172 1.3578803429768178 
50057 4.147146663451724 2.3266485053058417 0.8348829616900122 109 109 106 1.1109624847819701 
50053 4.544953387468363 2.3151300487338045 0.789880396439774 112 108 99 0.43654815306379513 
50051 4.396680982561663 2.1158669335076343 0.852434534390587 102 103 95 1.0265913217090212 
50049 4.506262438503433 2.2022735139633607 0.8489182344203295 199 199 191 2.258163156655238 
50046 3.2728019787034106 2.4783078628139217 0.7927434606928284 79 103 173 0.2409589723181033 
50045 3.2090845184736443 2.3761233944046234 0.8243601486137051 154 161 171 0.4125285488292229 
50044 3.3110133808456563 2.491075653258467 0.7928435613133658 135 155 206 0.36536731754714297 
50040 3.248526331780674 2.1339285777405665 0.832804286111309 195 199 211 0.9631588512291075 
50039 3.4739745725201976 2.4572575698709485 0.8422288509106368 126 131 55 0.39373287312999483 
50038 3.5025324648440352 2.513331846203744 0.8462310572013519 111 159 205 0.47878567950211304 
50027 3.6204863127957485 2.2603822166960787 0.7740809720174366 160 154 142 0.32396964120783805 
50018 4.1442789810226435 2.2487005462148795 0.8471772059206323 17 21 30 1.4806364534059469 
50008 3.993791760611293 2.7462947149848143 0.7059667907594572 61 64 62 1.6702806357955016 
50003 3.806479441923911 2.2519015679325425 0.8081228591223696 19 66 147 1.3478401457828952 
49999 4.129423643812321 2.281776216967847 0.8252362278811417 4 8 17 1.2778755461638818 
49995 4.710388655220298 1.954375292232943 1.2834226225389984 158 158 156 2.3290875750245528 
49994 4.334646830575193 2.188992924995003 1.33507345192661 158 158 156 1.4322509932778478 
49986 3.821236270853627 2.2720403737063277 0.802782805749983 101 78 86 1.2158617624469703 
49975 4.051576201561929 2.37427970882819 0.783977779576289 94 54 33 0.9224030096930478 
49966 4.284133776612307 2.298344846422827 0.8253514905201125 0 0 0 0.04473828984376374 
49965 4.656473880407338 2.292374902978597 1.0143514398288747 175 180 174 2.193406781385689 
49961 3.3013992089949995 2.0831219621746255 0.8066591606789274 248 250 249 3.1972632131859537 
49956 4.763031297795145 2.664870809340145 0.9707006509540951 154 158 159 0.7219077348653222 
49954 4.910313672092411 2.3691978390061497 1.0055217125527132 232 233 235 0.46839957312536773 
49952 3.779062492534872 1.7218905447045538 1.3017145690558622 219 225 215 2.0963746079956738 
49946 4.06310635888755 2.398052422834709 0.7813914330715751 71 84 75 1.0242279010937527 
49945 4.013369826832975 2.119907800598769 0.8416098172609286 17 28 34 1.9517942696725428 
49926 4.659145876838507 2.7379833007569543 0.7074303438565682 115 118 109 0.8055590138788837 
49923 4.2482679568559485 2.4174366552713704 0.868175468063689 74 70 60 0.5923451265251812 
49920 4.772728507682575 2.6289365115596235 0.9321662064047187 167 167 165 1.6448543763152874 
49917 4.69339377131419 2.41457610507047 0.9492672199925881 138 143 139 1.464064389701548 
49915 3.56160333351136 2.5272728617034916 0.8420859949930096 142 146 175 1.517396361917291 
49907 3.7310643843724898 2.323070230989897 0.8072222127626496 83 65 40 1.1784185270776673 
49896 3.554813862363529 2.467654194263798 0.8339158854761308 186 174 126 1.0815070282642816 
49894 3.7993797661702944 2.604165865271426 0.8071175753655228 140 147 155 0.3736835113214691 
49886 3.8520309904871457 2.3966760611720628 0.8102259788238906 123 118 90 0.8681429119209255 
49884 4.768736724631907 2.8087073525501456 0.5910829529748849 72 75 68 1.8573749956200072 
49881 4.200436796510985 2.4076290510138216 0.8290758384809278 81 85 88 1.6174058808205019 
49880 4.054208809057867 2.2605667312035242 0.8271842561698614 195 200 203 1.678736583809312 
49877 4.099265529026204 2.2649653695441563 0.8267370965574491 114 121 123 0.7198251265131044 
49876 4.100890013913292 2.118030179019823 0.8388252200542912 0 0 0 0.7320079844776095 
49874 4.5194999912972085 2.2957276908171504 0.7968490319257975 124 120 108 1.0066940262212 
49873 3.8820932533771506 2.0957695310066624 0.958372324470845 8 16 18 1.1578844291871309 
49872 4.335045738548951 2.114619557722941 0.8132737629897684 90 95 73 1.9836732272333202 
49866 3.1959606811148795 2.2516994946946784 0.8235620896379396 197 200 207 0.8803349810960293 
49864 3.8463100995651667 2.6851169903300094 0.7928151846897247 48 51 58 0.6437090083489875 
49863 3.2400698558514174 2.0595499444580403 0.7878147095618868 122 121 135 1.9266268517314478 
49862 3.609359253967341 2.3624793016135968 0.7795867176756005 60 50 38 1.1789774974889597 
49861 3.5670367249238417 2.320267165941172 0.7823547163178398 101 146 130 1.9309446909281993 
49858 3.990611847270311 2.6742888613227374 0.798757043374131 51 54 63 0.5133243023265156 
49857 3.969350897947491 2.5809088288087842 0.8175088311125934 104 108 117 1.2446926973793324 
49851 4.091780921778291 2.5384512287220846 0.8031586496714747 63 70 73 1.6478766074057987 
49847 4.646311800186115 2.812332324345004 0.7017737489538051 59 60 62 0.49492721794661365 
49843 3.570614264275151 2.2100224452885566 0.9742641836407446 57 62 65 1.212833791681166 
49838 3.9471374097205176 1.9131202657247255 0.8029618245574084 64 72 75 0.6843961938907117 
49837 4.1939719643644695 2.244616794883807 0.8474342412768416 29 33 36 0.8018583967254673 
49813 4.026078056551445 1.9090800609673684 0.770948198705468 132 136 119 1.757805330993576 
49811 4.060992552163491 1.9211691249867726 0.8058389542506682 13 21 20 1.2831184170904752 
49794 4.530742576512711 2.094285653734871 0.8616822338310802 172 177 171 0.8707909303416512 
49790 4.757966666660457 2.6372305733006813 1.0662962368137854 47 47 49 0.95557604144763 
49785 3.6156844531191847 2.486756480497569 1.4330311431406138 172 175 168 2.77405297916534 
49784 3.638343829849938 2.4045653123204076 0.7781365263143022 202 173 147 0.5493172933964542 
49782 3.8416909034260813 2.6134031683322974 0.8034082710871557 72 76 85 0.9650234803133351 
49779 3.7940942997630187 2.446590851641011 0.8173945161741374 109 107 92 0.8574554888912113 
49772 4.117783751685565 2.5192848213963286 0.7991981494020131 216 215 195 0.7621703726371448 
49766 4.075767172665779 2.1417445081794346 0.8253621695629095 194 198 207 1.0835149322163777 
49764 4.484678661578524 2.3711066019535387 0.7748366212072166 51 46 26 0.4158795483315832 
49760 4.234847698752218 1.8865144609227769 0.7734363434210192 0 2 5 1.4436237782207915 
49753 3.446981658306657 1.7723944292184375 1.2031191116725257 128 138 140 1.2897817663724114 
49746 4.792428484377115 2.8043007978273047 0.33132274770934944 0 0 0 0.4204647865894857 
49743 3.705980296326058 2.2295977208027544 0.7740888638400895 46 39 21 1.4598514051685783 
49741 3.7560396087952017 2.062897205177948 0.7829379964014719 157 154 135 1.5357714751016287 
49738 4.05205639413495 2.2556346361999644 0.8363548746120245 188 193 198 1.2169936349801145 
49734 4.0379504196447265 2.1333332981017468 0.8309434696994421 21 25 34 0.4242410728655235 
49733 4.0379504196447265 2.1333332981017468 0.8309434696994421 21 25 34 0.4242410728655235 
49729 4.210346366109068 2.114868436501908 0.7995938746697298 17 22 29 0.5258953165751354 
49728 4.087528557082521 1.898136402575654 0.7637124265742926 205 207 194 1.6508461652993915 
49726 4.144207665227833 1.9458380710300183 0.7846257711536462 13 12 7 0.5707629348958312 
49722 4.34728348424387 2.1783851962517016 0.9622224014957379 42 50 53 1.087232695554381 
49721 4.83750246222605 2.2690353790507354 0.8722743269520171 120 121 125 2.3803457458206805 
49715 3.804079693816405 2.1591585259681008 0.8012099443142258 118 103 111 0.21187268518266783 
49714 3.7539113793152543 2.1122456645630843 0.8545663307609115 17 17 8 0.44229267756853563 
49711 3.832094373044378 2.1182246390008093 0.9464091775323799 100 106 106 1.3172995922750759 
49709 4.662275401860854 2.385367897985278 0.8017707666699905 90 94 92 0.9834880501365271 
49708 3.441470938660659 1.7327389698628768 1.2838085692515997 35 40 45 1.949242495765907 
49706 3.902244420399664 0.10338008570913182 1.458337576072379 73 92 124 1.626855994979879 
49703 3.6171684026673563 2.3745983627801426 0.7827834837891472 111 111 99 1.518888656446786 
49701 3.6579831097481255 0.10850471871446965 2.5793726735368847 74 111 152 1.1040835713662607 
49700 3.808667255549154 2.5743014605530234 0.8101995655669274 65 70 80 0.9989779922634706 
49696 1.055494985090733 0.21128763183036714 1.5210545724577318 41 29 29 1.002040599724597 
49695 1.1216958198800948 0.19916980796077777 1.8878138450347202 204 126 117 1.6992995190293199 
49694 1.0944411451386316 0.19737852088711572 1.6982713285908577 230 191 169 1.3872070591433616 
49688 3.705875566030079 2.6064184354732527 0.8062712856127353 24 32 43 0.9951303059594585 
49687 3.7646098531873204 2.603624845506749 0.8073234997787504 155 162 173 0.6004594589193154 
49686 3.8010367108852265 2.250089711870155 0.8048850840736391 0 10 61 1.0548654804170854 
49679 1.6435549909494283 0.1795712656332209 2.69310555343983 65 70 68 1.024750865337244 
49675 3.4838141567248555 2.4429646471933544 0.8423929196074825 191 189 51 1.406448978581206 
49672 3.544677052048946 2.488272411332837 0.8443047580693462 122 160 190 1.7953571506097932 
49671 3.5306788942244802 2.5386825013616976 0.8451670651445753 41 55 113 1.5391632672894011 
49651 3.590895363198638 2.3340740118755234 0.7933670940839789 6 22 22 1.8704242343772792 
49650 4.070560030601041 2.139340035366735 0.8260477071309715 13 30 30 1.5539223639143784 
49649 0.035340185098169385 1.6032401652201338 0.04508192724121818 44 59 70 1.2477958226361578 
49648 0.8585009910755974 0.21149478367331742 1.3190463765256049 122 58 70 1.3758084038178813 
49643 3.2884115256005204 2.483044653936936 0.7922736800575897 198 208 239 0.7844738533783788 
49625 4.14591513277979 2.1902690296432468 0.8484831833259359 103 110 118 1.0945735564223942 
49620 4.261376902867594 2.0742079400896207 0.8001484781708971 90 97 113 1.2446328460934424 
49617 3.5818883405693738 2.319027657569981 0.787061804709462 66 93 98 0.7440151545769442 
49609 3.5771819320591085 2.333396047859047 0.7898568202643584 119 135 140 0.4107135008752553 
49608 3.84200351902334 2.468528110588051 0.7993536782412819 219 219 222 0.9913395646232352 
49607 4.078984907332479 2.1506623764893407 0.8267280521221589 28 36 50 1.5131186638331189 
49604 4.587677294314276 2.341060181158361 0.7962736579832426 130 134 133 2.1446643507578935 
49602 3.7916926239843565 2.4203900727721996 0.82132164452834 123 118 110 0.9029539359350519 
49598 3.9495351030748727 2.052913882798192 0.8033220997050925 49 50 52 2.3546145733835733 
49596 4.685023712309176 2.8094630757237207 0.8043483932935136 42 51 58 0.8439485374330773 
49595 4.893095829724016 2.6333993484716935 1.0414430334216884 95 83 71 2.176757877528903 
49594 4.929490045003655 2.6771440360089303 1.0330107722015738 82 77 71 1.7781037669550106 
49592 4.707566120540943 1.473938225002422 1.2719094031524032 238 239 244 1.8326601145999775 
49589 4.431779182958609 2.204390236010978 0.8406006494027972 202 205 176 1.9790981039045976 
49587 4.9289346825850355 2.6824141812246096 1.0749157921895873 176 177 170 2.1894494044498622 
49584 4.099455182923187 3.0206163004638054 0.6562983576640686 28 45 73 1.506729611654369 
49581 3.6193390980070084 2.162638038838608 0.9334975826574994 23 22 27 1.3629547502488146 
49573 4.9164181259498205 2.577757194249945 0.849504083975553 226 230 242 1.4119108893628163 
49571 4.939937819110169 2.9130370351524046 0.9290362984300715 147 153 167 1.3304756518643976 
49570 4.742005616079675 2.5707323900083163 0.9811626398130239 158 160 157 1.3212949711828066 
49566 3.7300932608243977 2.1520894249815044 0.7982322106263712 167 164 131 1.0611678356790406 
49558 4.639664045547331 2.2566835845569777 0.8628573093017569 112 110 95 1.9364611180286893 
49550 4.980713248087174 2.9474851892730105 1.0660551781314835 239 248 255 0.8028497837346745 
49546 3.807372418034603 2.465423067626002 0.7749010287787976 203 198 158 1.6217541779959512 
49541 3.8961365997996733 2.6017287071648485 0.8114841829518522 89 93 105 0.5426854071528018 
49539 4.175180575874601 2.3240293216169485 0.8203711941955597 188 184 159 1.5873192144105785 
49537 4.188724321836806 1.9899218154721432 0.8234265605631301 135 133 119 1.5331716620761728 
49534 4.347377762328501 2.063061672924633 0.853787803107848 18 21 28 1.402063639654689 
49533 4.659677742939183 2.2762929183746734 0.8525092936220382 109 111 97 0.2454675123189298 
49532 4.918224913110262 2.6971382940536555 0.8398000370889933 146 155 160 2.5063498642533886 
49528 4.867397058613301 2.7109148241943624 0.9233366345085877 159 169 184 1.3697716491415548 
49524 4.774904509164311 2.271893088535621 1.080811027249719 108 123 56 0.9458135535817442 
49521 3.7757734823184474 2.6735469227081334 0.8002206935098293 19 26 32 0.5892203026513608 
49519 4.538063856967049 2.7238096918917005 0.04097827993098058 44 57 66 0.5277563554653562 
49512 3.941652192637437 2.6262214394197665 0.8182122256029377 26 30 39 0.10114794738597462 
49510 4.665681337629319 2.807564445555548 0.38130037833749575 113 119 117 1.1841713244938388 
49507 3.906975575232865 2.1786835559980906 0.8147579669709114 208 217 224 0.1798945539384332 
49503 4.121242906090343 1.9538702405447805 0.796943249899048 202 201 199 1.020087497614631 
49502 4.3713679202376685 2.1202670549891875 0.7722953021779129 163 164 151 1.5142941345994976 
49500 4.6783586459646544 2.5597633209928423 0.7769862780130355 155 154 149 2.184617205272001 
49494 4.955639902556964 2.91196814142399 0.9998909110750347 247 254 255 2.2983646142840364 
49489 4.027411488028344 1.7957071386207648 1.270529014219727 200 209 204 0.0722856115163109 
49488 3.709765976974665 2.6547395448872173 0.8024036752154136 17 23 35 1.3179421189530074 
49486 3.7794852508469363 2.682014074650804 0.7950839419464345 10 17 27 0.19196712318511597 
49483 3.7910129740823164 2.6263606677214115 0.8042031152864485 22 29 37 0.633850380204551 
49480 3.6914651932238733 2.2348038467506184 0.7805008266461705 40 38 26 2.1043644407355093 
49476 4.683353248094158 2.7119732800741936 0.0904451492149263 33 43 50 1.332147390782306 
49475 3.8699566936353538 2.581518511171983 0.8082255714966444 41 46 51 0.27842535594887957 
49474 3.8172008147470757 2.394810507800842 0.8336703882831714 147 144 138 1.6288313457569668 
49472 3.9800150093069964 2.5753601495415355 0.8060038597972258 101 105 114 1.0990939074929065 
49462 4.1142016643347805 2.0687850089006625 0.8732048179663937 19 20 19 1.8155525327109368 
49448 4.864839926977926 2.5091323895487867 1.0140593588009719 234 233 231 1.8077634412797452 
49445 4.948436331075412 2.70589674335311 1.0139978619354881 136 143 146 1.3702178840549635 
49444 4.635970773736232 2.1369552348309915 1.066815705724288 171 177 175 1.5069965556911828 
49442 4.946434487775985 2.9534903448965926 1.0496910608888563 227 246 250 0.6459190698744303 
49441 4.95598681221091 2.939097540861742 1.0494013509884406 226 252 243 0.9454036287787027 
49436 3.6721608792104625 2.5790101994423646 0.8062493537701815 38 47 54 0.3540094671517806 
49435 3.6721608792104625 2.5790101994423646 0.8062493537701815 38 47 54 0.3540094671517806 
49430 3.762694510134202 2.689055032155242 0.7857211350153201 74 81 91 0.2673750418045301 
49429 3.7385590636542 2.6538651614771274 0.7956536723524905 101 107 119 0.23778430744546775 
49419 3.6299821605999156 2.2708098766267444 0.8041072518894352 17 13 12 1.5276205971790162 
49405 3.8884544915712915 2.6723792000605773 0.8082700354498595 18 25 33 0.261755381316009 
49402 3.8779382798593334 2.6282238408734715 0.8094391666578327 6 11 15 0.28199541931201405 
49395 3.9332117053390063 2.680966967622357 0.8156829693970855 67 72 78 1.114396851223502 
49394 3.9024429632704445 2.5773272305774757 0.8053229644137592 19 24 27 0.8470658513199156 
49390 3.9031478765790837 2.449071782149348 0.7988712689639721 203 193 171 1.145535776315106 
49388 4.038744720759481 2.600807877617153 0.8128655093426089 166 170 182 0.24569885463219732 
49387 4.040026697299516 2.6055004113507363 0.8172181224812078 25 29 37 0.20336690580028716 
49385 4.0610578699123385 2.402983526074177 0.7823045204823805 37 38 30 0.6603459140591061 
49382 4.157163731457727 2.3193461131163278 0.7760266666302701 140 134 110 0.6572946492906385 
49375 4.050088844239759 1.9141121577760618 0.7768352726227274 205 211 197 0.5236484315494973 
49373 4.0923392873783415 2.1341348940350673 0.8230110870219388 31 41 42 0.29857789717981403 
49372 4.15287150358832 2.1253006851587704 0.787321656921018 225 234 241 0.42113314703045934 
49370 4.266627862430055 2.4103977572887776 0.8003443063397047 186 178 165 0.66898831026701 
49367 4.1372208552635 1.9563235034304762 0.7970194869157686 6 5 3 0.8472317655419286 
49366 4.246207029998487 2.3257708529268695 0.8358159001343054 191 190 162 1.812627397683874 
49365 4.224182580365356 1.9549414663701465 0.7807844055366995 52 48 46 0.9385642539558977 
49364 4.237975136476329 2.2021329044746896 0.8297114732918349 67 77 86 0.722899007411514 
49363 4.68796268390526 2.881872645722499 0.7434905878926188 138 143 139 0.23636957310375062 
49360 4.686648257071715 2.8675397854234523 0.7912573225819396 164 170 170 1.785496208899931 
49359 4.506081421936339 2.3607049053717617 0.7820933373666044 144 141 132 1.1925164316051244 
49358 4.361743857707128 1.999828118209752 0.7838471422603467 23 25 24 1.815534762548701 
49357 4.347951332399297 2.040183138848309 0.7973433929356909 154 157 146 1.9761748382798028 
49352 4.664304171257578 2.5746434397016587 0.8505519387196856 187 191 178 0.16856807137202034 
49351 4.643382671292932 2.174695405770058 0.846471540416795 190 192 171 1.9005095373013454 
49350 4.786384029725606 2.468881974245718 0.9044013952291334 126 132 125 0.9815467705823194 
49341 4.752276862393091 2.6342930771701987 0.99079943802167 147 156 163 0.8337887584576671 
49340 4.921487884068451 2.981999807480806 0.977917118988388 73 98 103 1.5033273871416926 
49339 4.921559518923645 2.9823447172799575 0.9937978629552926 79 104 125 0.48672561183471313 
49334 4.919815011284088 2.9559416662132416 1.03418432128993 158 186 172 0.20903913927797346 
49332 4.973626897699706 2.9539724943885663 1.0509802485349085 165 195 168 0.7764922646278745 
49330 4.038905057784649 3.033393166968623 0.6258633493998387 52 55 57 0.36346770698425884 
49329 3.6351070399307153 2.5059267416128552 0.808081793996997 151 151 159 0.5603664671496373 
49327 3.7303431960580022 2.6564533076053385 0.7907928387936732 7 14 24 0.3917584407404928 
49325 3.681288871040026 2.5715240740178147 0.8083085025107942 167 174 182 0.3964756108643728 
49324 3.630739754345027 2.4713674266337184 0.8158525842333167 103 107 116 1.6825298139582199 
49320 3.5991438653091574 2.3469190829998277 0.7864565509317667 42 57 47 0.42186667032202957 
49315 3.764938559646068 2.6742499358536644 0.789523041281083 5 12 18 0.30772416148478765 
49314 3.7435941575772587 2.665467467156344 0.8101501066905509 84 92 95 0.5511348546121901 
49313 3.6289367375914208 2.3711090321847696 0.7862881357438793 207 196 173 1.3727657039472694 
49307 3.747134766468246 2.590835997364282 0.8050324164184186 84 92 95 1.5511108042951498 
49305 3.6800781663216506 2.437944485147819 0.8025794213625967 65 55 28 0.47071649193201187 
49304 3.7484112431364642 2.5945345613523063 0.8107838728106547 10 17 25 0.5004290984098679 
49302 3.746198772109178 2.532720744985572 0.7996064594286925 20 13 3 1.5443762270112078 
49300 3.7800792913509342 2.590544261036465 0.8073313823862247 0 7 9 0.983905582996601 
49293 3.8428452544281697 2.668195434948813 0.7991592407856597 23 31 33 0.15084471042900063 
49285 3.724228048030989 2.251667414595331 0.7631101800635883 199 190 149 1.4642231345121257 
49283 3.8364221007433623 2.4766618523767074 0.806218165204448 172 175 166 0.3372231786421764 
49282 3.891094886419709 2.60355549157495 0.8217475543153584 142 146 158 0.1827257928446849 
49281 3.900681554959841 2.602474074582252 0.8213713652175035 129 132 145 0.15630410342001894 
49279 3.9967419872174705 2.669269618533553 0.7966601055823087 134 139 145 0.44021947229800923 
49278 3.976415407133284 2.650373573533798 0.8146323423206941 107 111 123 0.25652895735924175 
49277 3.818908753161599 2.245481225350993 0.805875074872159 128 121 131 0.20180713306553488 
49271 4.071525008138292 2.64424052003087 0.8099054795137239 20 26 27 0.25507642171088496 
49269 4.067289440306565 2.63964454442221 0.8128876578501404 32 36 45 0.2698063436775574 
49263 3.940916619667641 2.059897343901427 0.7758743991641162 107 109 104 2.054103488904053 
49261 3.980946718527613 1.8860092422690706 0.7151468245860603 13 9 6 1.8065847322114281 
49253 4.096689843804831 2.3086251282456693 0.8370899210064839 35 42 48 1.7844955815955472 
49252 4.047041141832391 1.9144628376600763 0.7703128613868148 167 171 154 0.6562951563573591 
49251 4.021566457523635 2.0375336764835392 0.8172006763691145 153 160 168 1.4536218330884791 
49246 4.101817478126789 2.1098087285463567 0.8190069934853768 197 206 211 0.9482968965877593 
49243 4.192408504032431 2.1246196571928797 0.8057179853412826 68 74 86 1.5958288576538828 
49240 4.274737730284036 2.163574262328909 0.8118581967260194 60 71 80 0.361722743205368 
49231 4.46957554481789 2.2123271826473374 0.8298440367902459 74 75 69 0.48089373827672655 
49229 4.466993158653123 2.2168567126433523 0.8396368719761018 183 184 179 0.18347097436555773 
49228 4.466993158653123 2.2168567126433523 0.8396368719761018 183 184 179 0.18347097436555773 
49218 4.500103678289893 2.130035808040522 0.8477504236455233 72 79 61 0.399205411774895 
49216 4.497075938434489 2.122552448022051 0.8513991541549318 179 183 166 1.0263880609975886 
49212 4.779802689293058 2.845155785304371 0.9268130208213154 14 13 26 0.2356476172660578 
49211 4.789719596886318 2.931771983237152 0.9359062164271611 17 27 37 0.2161199940119262 
49210 4.856543355827699 2.901425073353659 0.9278623330887005 222 220 229 0.016862443862452517 
49202 4.850919982845847 2.700877175877213 0.9215229137151963 22 34 34 0.2522560639564862 
49198 4.664226158810514 2.1861453840016765 0.9515358768522877 162 168 158 0.4671764961230607 
49193 4.8850869298052295 2.69353252397994 0.9840079508231412 150 166 166 0.8561408002031802 
49192 4.969523945947202 2.920022465782437 0.9854756322412237 161 180 184 0.06278333628735601 
49190 4.933035756132408 2.9228163868957857 1.0147759120090927 115 141 163 0.6088161495836619 
49188 4.942269393928997 2.945386107189275 1.0188393273309835 178 200 223 0.5625108176842922 
49186 4.933969434294804 2.6833706876575047 1.032191053421675 51 52 46 0.8928285571753278 
49185 4.9749648939304185 2.6829082499399073 1.030977025244328 43 48 42 0.48909342549321977 
49183 3.885018884032913 2.071571920010994 1.2929919587899457 90 100 110 1.0192643771507222 
49172 3.746358559208534 2.6743042607528213 0.7993500269943755 68 75 86 0.8122557045813276 
49171 3.5824292470147214 2.3253153414370225 0.7938720366514643 125 161 161 0.4267276663714221 
49170 3.614470489840461 2.373719201623877 0.7853180830953252 29 29 19 0.7401849009390743 
49169 3.6723227155423976 2.4626869734252366 0.7743278899375142 27 31 37 0.8251076029018262 
49167 3.605149744157488 2.3179623912471152 0.7797750315582542 98 148 136 1.3540250545188321 
49166 3.5878304253298356 2.307243879451139 0.7966322100682396 1 6 4 0.9445220405108563 
49161 3.6657488981714716 2.430731274554285 0.788720210753889 13 18 21 0.3855526716147206 
49158 3.7648550584655354 2.635873824895791 0.798657669672967 5 12 18 0.12979628606587434 
49157 3.6343599755331653 2.242309810716855 0.7379132494353788 165 158 143 0.8814742195432355 
49156 3.618263447248389 2.280975728393254 0.7766174426038512 0 0 0 1.1493035213169724 
49153 3.759978442904649 2.583554912586452 0.8115335008061462 168 175 181 0.43373101701561606 
49151 3.8395711508341743 2.682683724915879 0.815393067529408 95 102 108 0.32487532740327985 
49147 3.677462148910404 2.245702189704212 0.7975515764857877 139 140 134 1.9283009232255235 
49146 3.8703783044780877 2.6702228343499455 0.8068876120022207 99 106 116 0.19833549955923813 
49144 3.850612886302745 2.6171403241765168 0.8147056924126788 165 170 176 0.19916377668782848 
49143 3.711880460507077 2.245035039165522 0.7898177877356009 88 73 51 0.7776602220404287 
49142 3.8500499942187787 2.5875586293011263 0.8155653454854832 26 34 36 0.07140979303208302 
49138 3.793037070810546 2.439426641248658 0.8202826678732154 167 170 169 0.8418509973351218 
49133 3.9045159695809577 2.6067786111205438 0.8170078099591732 118 121 136 0.06708258068908236 
49130 3.8512023865667486 2.491746429263526 0.836564577196646 173 170 162 0.8880638077114298 
49125 3.847655947950709 2.3312571379927345 0.7864930682291568 116 99 83 1.1575242757625235 
49121 3.940107681792569 2.429527777463864 0.7761730741413303 217 206 176 0.5258907522823448 
49115 4.025811968304453 2.6152068991310697 0.8169235797581244 140 144 156 0.30193080524764876 
49114 3.875857046362517 2.394325558799519 0.857647704995326 227 228 234 2.0291854429814924 
49113 4.014272055749085 2.5849784114738297 0.820331666563523 97 102 105 0.46859496793974725 
49111 4.025699609137365 2.5900975434748794 0.8181238448123431 143 148 152 0.1992465583221136 
49110 4.0612294631523085 2.6377883218182134 0.8140146471922614 146 152 152 0.30278137058465604 
49104 3.8741499941157995 2.1796519911903847 0.8129815870777275 167 178 180 0.5310072718889896 
49103 3.8176291855525504 2.0746471770967827 0.8274130618105914 161 161 160 1.8116326070588353 
49098 3.950210668764941 2.177914012372419 0.8193286822257629 178 187 196 0.1960999690321781 
49088 4.014978842772183 2.137120801006007 0.8382887198973887 56 66 68 0.960512056986734 
49083 4.082274196553364 2.3651920821371717 0.8896663504316367 184 183 162 2.076539292669962 
49070 4.165404166219709 2.009973497737007 0.8010059130540719 123 128 134 1.7008611642812816 
49068 4.234549304221377 2.092900377528232 0.7921911379478195 18 25 31 0.8767577821273986 
49060 4.3572411287402195 2.074336482359994 0.8043884096142185 17 19 6 1.3421563270249788 
49059 4.35724112874022 2.0743364823599935 0.8043884096142182 17 19 6 1.3421563270250092 
49056 4.411688302313635 1.9911590165532702 0.782954450345929 19 19 26 1.5400505306731853 
49053 4.43165241700823 2.0878089481054536 0.82321179446907 12 16 17 0.5499017447986424 
49052 4.54775200096275 2.3022281361242576 0.8117591202079607 74 75 57 0.15674750063814727 
49051 4.540374843762132 2.2975895826843846 0.8204435386590676 105 106 89 0.43622026663732566 
49049 4.47634141918164 2.191839343220874 0.842794012373346 103 106 97 0.3228193961809984 
49047 4.514383448016809 2.1994664633795242 0.8379317777061874 70 74 59 0.36013015035738455 
49037 4.826219667250493 2.648957467492658 0.9339807129041422 107 116 123 0.6325309640611623 
49033 4.924837245507886 2.9843457089831094 0.9507353425074515 45 54 53 0.2867258735050336 
49030 4.920069016316352 2.9356306611214364 0.9693217180372661 64 73 80 0.5066795289203584 
49028 4.922452740544391 2.768203280079047 0.9650824564707163 240 251 255 1.2821518544632693 
49027 5.056635551338766 2.755682310735577 0.9201093027430937 193 204 207 1.8720945390456016 
49014 3.7210647039980627 2.632759544811776 0.801902677649703 60 66 78 0.441646211517252 
49013 3.6401322556907667 2.470693012554627 0.8047444573355669 39 44 50 0.4873093870415143 
49012 3.6705663635279335 2.474241844234565 0.7722866362140804 37 37 47 0.774276128538352 
49011 3.5863797617411426 2.319162229379847 0.7951073965552058 111 145 146 0.4133070350757613 
49003 3.797632401399597 2.6145534199876095 0.8089321367548458 99 106 112 0.15893065443473717 
48993 3.756472704674094 2.3247510823882305 0.783452559289193 140 119 90 0.534285246875757 
48988 3.78732999335449 2.4194839451875634 0.8299283152837091 173 166 156 0.9455851740790433 
48987 3.8528818160635767 2.488259994078345 0.7971796079276989 217 210 184 1.7822496006401798 
48986 3.8726215476641355 2.5825558717881156 0.8250308236565983 45 50 54 0.3784350724062284 
48984 3.73333633077176 2.171897976873101 0.7858244322311264 10 14 24 0.7479854591959068 
48983 3.737871628217408 2.153827507041253 0.7860256341541524 162 160 156 0.7359469573062437 
48982 3.7239554527710483 2.1747073654280826 0.8053431537983124 162 160 156 1.1065773811671404 
48980 3.725658781878256 2.075710518855664 0.7902667524298098 38 31 12 1.034914060802696 
48979 3.725658781878256 2.075710518855664 0.7902667524298098 38 31 12 1.034914060802696 
48976 3.747861728100111 2.0664276576829836 0.782615137785895 42 34 20 1.0221997797183098 
48975 3.747861728100111 2.0664276576829836 0.782615137785895 42 34 20 1.0221997797183098 
48974 3.8188004892750573 2.2606979327463472 0.8006069731160166 54 22 45 0.7838849444572146 
48972 3.836747967942268 2.4687416348610594 0.8686845323138617 187 183 178 0.2514721376174249 
48969 3.931064187332708 2.4309182077544524 0.7815189190327257 154 142 104 0.5472055414352882 
48960 3.7537887244077917 2.0978948815494194 0.8489622886552859 53 47 47 0.18746511275848388 
48954 3.901904013105613 2.186393832508337 0.8102616704413375 177 186 191 0.6375138570251172 
48946 4.034455605603944 2.377356205785806 0.8209478918234303 211 208 203 0.7416327715898472 
48942 3.9467040266545217 2.0650849762554584 0.8057542185819143 63 63 55 0.225383247845513 
48938 4.169288989084257 2.39400562649112 0.8016311172439555 16 15 10 0.9269207927949082 
48933 3.8489087812452136 2.1098988933794915 0.9500685087991119 44 54 55 0.33412293381330577 
48929 4.13840064589955 2.2046048956827393 0.8099222177379273 164 170 182 0.2543125854985166 
48927 4.161539217913586 2.1745111581867045 0.7921275034587617 25 34 41 0.5687514925417425 
48925 4.069146670224382 1.9245495271972068 0.7911386736239577 218 219 213 1.0792504266655336 
48924 4.122653447728747 2.2092641025105753 0.8330752831593943 6 17 19 0.7768554684187325 
48923 4.088798458754915 1.9077755548486048 0.7789365482713728 202 203 199 1.040833909292676 
48917 4.222343854646729 2.1081367838152234 0.805351476502661 9 17 20 0.060433736271602125 
48906 4.686700775146382 2.764383762132812 0.768846092445379 175 181 169 1.397329279167077 
48905 4.486558686604726 2.3437571757980735 0.8020951888205926 86 89 72 0.1968802824764442 
48904 4.3795436435192485 2.0624764855421267 0.798708640301227 134 138 123 1.708954241386925 
48896 4.504041456470677 2.2814519987137656 0.8034676684539626 101 102 88 0.6020555690619179 
48889 4.558935324227264 2.3403238483271878 0.7988634348150903 14 22 7 0.9398897900623987 
48886 4.259353916245746 2.3421860960390477 0.9518375427615969 187 188 183 1.8332601712558136 
48882 4.566484674767992 2.2891937472763475 0.8162385514898098 168 175 159 1.0846786635463566 
48880 4.493159862001428 2.1943184580682438 0.8346054507479505 197 200 193 0.4010353133084708 
48869 4.638847792033513 2.1382904153040587 0.9131935462751655 28 9 0 0.48158938325942297 
48868 4.826538145844371 2.686917035058989 0.917966183488063 117 131 140 0.34229581661695985 
48863 4.920451129165991 2.7778652787807743 0.9446415615214754 121 137 156 1.0753970006648725 
48862 4.924549625642349 2.948320863874258 0.9613833787929021 81 88 96 0.14330693264449443 
48861 4.771708906354659 2.6266269569166254 0.985269493330901 218 222 229 0.6912569970198336 
48859 4.670415536624606 2.1953275616433876 0.9936861900246365 143 146 137 0.4952511713212674 
48858 4.9194247115005165 2.934503777262833 1.0156115759930413 148 172 198 0.2336263559502357 
48854 3.5829221590186116 2.327928020748344 0.791893451658681 133 158 162 0.3849410255803303 
48853 3.630356149923689 2.4118936596449165 0.7833250151292763 102 75 71 0.8430294363821075 
48851 3.8279077963784838 2.6714728623266 0.7983947979899235 98 106 109 0.31419288416485264 
48850 3.868687137859271 2.6707036016035546 0.7983599808614465 83 90 100 0.6602050367776553 
48849 3.880067074493478 2.629636229486534 0.8120929009187359 8 13 17 0.3237531574683079 
48848 3.880067074493478 2.629636229486534 0.8120929009187359 8 13 17 0.3237531574683079 
48847 3.7940858510279813 2.441418388477774 0.814390219452458 131 128 119 0.5502011483141408 
48845 3.7932985720372105 2.433874341380206 0.8189076207600339 159 166 166 0.8260647467591306 
48843 3.793927462226626 2.4135697178990236 0.8114502783867147 162 159 140 0.6189506707943574 
48841 3.7915583203618692 2.422881025689347 0.8230406239937753 84 85 74 0.6187679859917958 
48837 3.8914393527835385 2.599274956174297 0.8206027502025611 72 76 87 0.2483153516046858 
48835 3.716835999951678 2.0810715987640296 0.7793459659808829 66 69 77 0.2769281061525651 
48831 3.812531243427956 2.1890310747043378 0.7857018310480854 24 2 13 0.512360646365314 
48828 3.993338499132134 2.6375142864459438 0.8179876403846853 95 100 106 0.20760535280718104 
48826 3.7499939784920318 2.0994625461472176 0.8462998737378882 46 41 35 0.3168907049912746 
48823 3.7574607670689493 2.103960993204682 0.851038900104669 136 132 130 0.45339485323209217 
48821 4.06229826261263 2.5959646904546068 0.8190154533033496 8 11 28 0.3300083221397187 
48819 4.011368459236304 2.27973237132678 0.818045718386912 168 177 182 0.3387610960459706 
48818 3.975940982332781 2.1810443490381584 0.8124020615728462 209 220 216 0.9520349685144516 
48816 3.98532322210972 2.176435663855659 0.8184902668903412 212 222 221 0.4970587554232343 
48815 3.9558999107928554 2.0777005596014364 0.8116013841899195 167 166 148 0.9382379730019935 
48814 3.997157646964086 2.176597542869114 0.814116274017724 176 186 185 0.13842242051780548 
48813 4.132339586743928 2.3492409630032145 0.7788252448429416 150 153 158 0.3814935490801905 
48812 3.9888728495568238 2.0393189915307643 0.8080209890117719 61 63 62 0.9695597166806434 
48811 4.186323638950559 2.379075943187474 0.7810570856220683 36 36 36 0.9658937633092999 
48810 4.116826845677886 2.1950700253272064 0.8148943786124019 41 47 59 0.46118043249811835 
48809 4.788893305871586 2.8917998562387712 0.5915330774623663 89 93 92 0.9382788901493002 
48801 4.196375845066009 2.2362423908400073 0.8368144733750397 23 28 31 0.16919198968897206 
48798 4.289333412939239 2.0617668283901516 0.8122152339805206 42 49 57 0.8901980194833358 
48796 4.403938606722484 2.241782658900277 0.8312792406799465 170 174 148 0.2685753538110192 
48794 4.397176694275223 2.0121015801603663 0.8038813409985855 71 74 81 1.9956250538562703 
48792 4.525153326253442 2.278219831320299 0.7966821312881909 108 108 95 0.4476932641958431 
48789 4.525925722026796 2.2849477924233432 0.7990872295828806 93 94 80 0.7229012538547828 
48787 4.5417435882834205 2.2978566148438233 0.7970223181161401 162 164 147 0.2613736428803762 
48783 4.445459861586974 2.1439197515547765 0.8478133573260144 154 156 142 0.3569969003019545 
48780 4.491026108387982 2.117181285711311 0.8602505875992014 163 167 152 0.37942681439824977 
48779 4.665623902384395 2.3361649647407354 0.8267971261270984 157 161 144 0.9637002694734313 
48778 4.463153334696584 2.189105984345561 0.9564000745101614 37 47 47 1.628840121561697 
48777 4.785107132993075 2.4528149563561072 0.9134028718567395 103 111 124 0.6148509900046791 
48770 3.8803623523387936 2.070553710569293 1.2666469055080742 89 98 113 1.5903475033218308 
48768 3.434091762045232 2.203690478028845 0.8771326089908741 61 67 79 1.5105458912612235 
48767 4.62557652022212 2.406382829449237 0.14885040492250567 126 129 144 2.1953934462135387 
48764 4.508675933377844 2.2538603860754733 0.8549280563449291 138 141 130 1.0888192257300793 
48748 4.802670989906623 2.780085192686638 0.07529814111165534 31 41 51 1.1352609565580858 
48744 3.749618922175352 2.480907841748681 0.7759233445338759 174 162 139 1.024372840072679 
48734 4.004582516685944 2.261266291352821 0.819735717731881 188 195 213 1.3490799771795983 
48732 3.6181385811545677 2.373318074416426 0.7814071880159236 101 92 88 1.1393928321939146 
48730 3.704100347447925 2.5702660828817105 0.8097930893048902 129 136 143 1.0420133629322088 
48728 3.5278752364845505 2.4710411157903094 0.8440763336733661 191 206 109 1.0447370373792444 
48722 4.172184877276376 2.3599475226973423 0.8206631848972155 7 11 13 1.1720944232410668 
48721 3.5267828677789352 2.4650412421583043 0.8424770535211864 213 217 99 1.2950008333542946 
48720 4.230694242040773 1.915371506636605 0.7752078709354926 137 133 125 0.9755887842707259 
48719 4.035489443035575 2.2618120337446097 0.8229182672123095 206 214 225 0.6967529078810162 
48718 4.611946224435895 2.3841987410744196 0.7557548516475852 180 173 145 1.7839000420546192 
48717 4.686462833202159 2.844498419537749 0.7939084566768282 149 153 156 0.8733433121329737 
48715 4.72501297204112 1.5709930341911835 1.2899699399386615 236 240 251 1.5119457384641044 
48714 4.087568888338058 3.0056766553929077 0.682069022490965 2 10 23 0.5988883739814846 
48713 3.746384388715486 2.202415707603609 0.7789885679396434 40 44 52 1.2191161845102156 
48708 4.100124005332958 2.971459565985181 0.6848022492706725 102 108 120 1.1270395832357036 
48696 3.7393103697383543 2.5938813787369046 0.8056943470716401 83 89 101 1.6514551602859242 
48695 3.9108019371261817 2.671368154010137 0.7973093647620411 125 131 143 1.4496800734702278 
48692 4.157444686834856 2.3590829048292568 0.7927474805424829 149 145 134 1.7176417935014519 
48691 4.145277014504335 2.3237904217414123 0.8297442579148558 12 21 20 0.9361862742449774 
48681 4.897868282093481 2.7835883278066302 0.9237346745563306 140 152 175 0.6497873216106769 
48679 4.942254176757317 2.935950423645741 0.9334556307495518 37 52 79 1.573431227528251 
48670 3.865912434209916 2.4690840352553574 0.8333518246817568 245 247 250 0.8944374621190914 
48669 3.865912434209916 2.4690840352553574 0.8333518246817568 245 247 250 0.8944374621190914 
48661 4.803527376240268 2.684330375785534 0.9256098105614288 114 125 143 1.6727816468444272 
48654 3.5734344024316087 2.474680035595212 0.8190981894423848 182 176 152 1.6177929068436387 
48650 4.104029556683992 3.0221538465350464 0.6622282192457284 35 49 84 1.8463122744289455 
48647 4.77461043697713 2.721317752355563 0.03189079038201048 37 47 59 1.2619492376464279 
48635 3.6913951324105634 2.660766084898109 0.734960693787554 132 116 97 1.9304900704931756 
48634 3.5677744808011607 2.4974024300793936 0.8375895554191055 40 57 117 0.16404417956137404 
48633 3.6514234715274134 2.586058848520261 0.7777723560819512 190 178 156 1.6317031668693107 
48631 3.710144799444228 2.6543567180593137 0.801845839778196 23 30 40 0.866226216017725 
48630 3.5987783820294723 2.3226539975932043 0.7851412560036317 175 210 206 1.2825661258890173 
48624 4.6051717911760655 2.6939203906955376 0.09228393630697562 1 11 23 1.2081828916494903 
48623 3.824548676053167 2.5801942955177437 0.8106801418034498 165 170 182 0.7347926966533238 
48622 4.746944986659075 2.7354074579840706 0.08973293006197558 31 41 53 0.5243278575173439 
48605 4.673566020623724 2.4403967075968205 0.9103968286489611 56 63 73 1.2035232099416826 
48601 4.726128707902614 2.4126502992733245 0.9829538451877355 43 48 51 1.1324349608837991 
48598 3.8934550938944943 2.0713099959739356 1.2982810746939395 210 219 236 0.9750545564235401 
48596 3.5565585784321443 2.3146841556500846 0.7799757885118002 136 152 139 2.10011462369823 
48589 4.052212653419668 3.0349835946818478 0.6045230931297857 74 78 84 1.032189250950235 
48585 3.7665960941520247 2.622368740736304 0.8044014311009032 169 175 186 0.36185525111257233 
48583 3.47162584956597 2.208701592156963 0.9585539026410127 4 9 12 0.22508260133396435 
48580 3.719424788646781 2.3249806368848787 0.7665953043327186 199 187 163 1.4410843671747602 
48573 3.828605830114974 2.196548568613961 0.7879219600508633 14 64 151 1.330563633288623 
48572 3.8063743388983875 2.1193331127231243 0.7987370816717205 87 58 62 1.7839064481070033 
48571 3.799732562476476 2.128064596211302 0.8069459327121431 87 58 62 1.7244981307864204 
48570 4.036342571225299 2.667049669569792 0.8001081272835054 148 151 166 0.9144911653088106 
48565 3.895779538944365 2.2832333670972913 0.8195837140890405 213 220 238 1.3511715034041754 
48564 4.866125691323451 2.8003963839592236 0.242955655355668 113 118 122 1.719440960829873 
48563 4.079514895041344 2.2243992782229407 0.8229835058075607 25 32 41 1.2209493515550587 
48560 4.072867643386233 2.1351224223700993 0.8310991866546781 187 195 208 2.1807411362776934 
48558 4.141241398119283 2.305689322562203 0.8285310220670781 100 107 107 0.9081102869282162 
48556 4.140903833065175 1.9409370274238757 0.7859980510253473 199 199 199 0.7408020323256407 
48555 4.144079545851145 1.9364527918393644 0.7828996263387059 199 199 199 1.240195768589087 
48554 4.25591991197106 2.3990530748242103 0.807729923299327 30 39 45 0.47505300520044413 
48553 4.186096583469612 2.3813567659284907 0.846249397753341 37 47 57 0.5366442526832634 
48551 4.180686277221012 1.985614300086606 0.8026215971706145 49 47 42 1.2303655722902678 
48550 4.265925589198623 2.215447487193595 0.7977825449420822 34 39 45 0.5090844479586614 
48549 4.181876550995751 1.9933966092605402 0.8112949793686537 48 46 47 1.320699573867578 
48548 4.311342212935807 2.0451012305109764 0.7469564660383282 23 29 41 1.0949028368649096 
48547 4.685593066531744 2.855446624507504 0.695969250285482 142 146 149 1.9121146267305238 
48546 4.368432105357432 2.207190857860758 0.7916068954568343 20 21 9 0.9268175336629856 
48544 4.365062787564307 2.206315715749097 0.799896823666283 95 98 89 0.7834180044170976 
48543 4.325554037901206 2.029418252294258 0.7976715138859795 110 111 113 1.3677806009025373 
48542 4.680553703717656 2.8870467367489048 0.7654908806014097 105 108 113 1.583346575903045 
48538 4.501525931420348 2.323265842064128 0.836879358081097 74 76 63 0.6531300767874744 
48537 4.4291927010350625 2.13049175299519 0.851093268417542 85 87 82 0.737745589604166 
48535 4.6941792502911355 2.863323315211356 0.8432186309608402 218 220 219 1.3680894226524156 
48532 4.685277394938769 2.4958211828662886 0.8446108667888094 130 131 125 1.3668110170471786 
48529 4.700149397718957 2.2509922211672952 0.9104096368051358 247 252 254 0.9361944316094948 
48528 4.661833484563502 2.1999569611144087 0.9220862813741519 85 83 96 1.0640148554951165 
48527 4.629811770422683 2.1702950757324424 0.9360485227825182 49 43 37 0.6050005150129814 
48526 4.778569780826271 2.4535719064440835 0.920404456784788 57 64 74 0.3134043684246299 
48525 4.770128520295816 2.5146962531167274 0.9298729288097523 164 168 177 0.7202241564179591 
48524 4.6125748843546965 2.1958015549717427 0.9834390918359603 140 145 151 1.1092483917791356 
48522 4.7478423272765715 2.4151239792941954 0.9598010523121467 156 160 169 0.5085287195598243 
48521 4.8954860073553865 2.7330340549203083 0.933415619140874 191 197 213 1.2863750033482073 
48520 4.722033614221735 2.5305799247192633 0.9882856748864293 41 41 42 0.6353167818302544 
48519 4.970951397325915 2.919671932923028 0.9737113338166365 159 178 190 0.49656774413656374 
48517 4.912502302162428 2.9485358717924797 1.0036004341190292 21 41 68 1.1040111012117098 
48516 4.909816736386787 2.955467992895714 1.0090344170612702 103 124 169 1.0613008024839798 
48515 4.911675342986039 2.9513786207016772 1.0199141240251342 164 187 229 0.8881972556828381 
48514 4.589304917568623 2.138638761875119 1.0969119352693895 167 172 178 1.6653896222856828 
48512 4.313729010697105 1.6666490151927738 1.2062676333850595 81 89 108 0.33378267824133134 
48511 3.5032889118275254 2.432292812175136 0.8420415693224858 157 205 191 0.4702226956309074 
48510 3.500971706953305 2.4135613377528093 0.8390257408672408 204 198 180 0.5623707870867357 
48509 3.664507879496446 2.712519272129206 0.7907849707639523 126 124 109 1.1924012722432906 
48507 3.415663653661627 2.2148942745055806 0.8529367523924378 208 190 192 0.20409416711995573 
48506 3.529684859653068 2.441202313695049 0.8327421177012292 213 209 164 0.5988377137355811 
48505 3.5485946103492116 2.506529323781635 0.8456007468576708 36 48 124 1.1243508046086803 
48499 3.6882708996526983 2.6296783299075894 0.8106046995180952 67 74 84 0.5892123765344391 
48498 3.643615310991367 2.472063163230958 0.7872293672568865 19 19 29 1.6970368445022213 
48495 3.5944241115125375 2.300261710253532 0.7900587263620332 195 195 185 0.6686620063649306 
48494 3.717846261904026 2.623736692344374 0.8092388793750351 11 18 28 0.3254332350999738 
48493 3.7387550919313695 2.6321525974670967 0.8080130111635301 176 182 194 0.15888459551681652 
48492 3.7676511440187976 2.68270700105196 0.8006282617828238 175 181 195 0.16940457484519408 
48491 3.6180955582409955 2.2782439301776916 0.7852542829363406 17 9 4 0.9576229215855167 
48490 3.609406526016986 2.299663068951025 0.8048076337487604 197 189 173 0.20675299732138636 
48487 3.7486110372546695 2.631597179991285 0.8156039624042749 78 84 96 0.6758753658717287 
48486 3.764127579531445 2.6370178169807716 0.8154472964382491 13 19 31 0.18067085113335524 
48485 3.6613303087769027 2.247239180732775 0.7764381464807187 148 140 121 1.1328456474215485 
48484 3.717806195015053 2.34001118572527 0.7977223401621484 202 188 175 1.426021749333832 
48483 3.7678751374451718 2.336973323711715 0.7872873058716453 54 32 9 1.7925344379630737 
48482 3.8527748098301178 2.5830214082078804 0.8050761388818555 1 2 17 0.3934550054460575 
48481 3.890297826620786 2.6719972013427595 0.8064338570047612 23 30 40 0.5912170548044836 
48474 3.912685153001269 2.603078501152596 0.8089020044767355 112 115 130 0.29017319653854107 
48473 3.9463584946995036 2.6575488593369254 0.8078082403727027 147 153 169 0.28994783504302823 
48470 3.8396352261614055 2.159615502300178 0.757453786562274 158 146 177 1.1950915795793862 
48469 3.945095291314399 2.457616035581098 0.7817295525237805 207 197 185 0.8309729427903726 
48468 3.958879361797691 2.5676474398051043 0.8062186913134642 30 33 48 0.3214757342384707 
48467 3.67113027666474 2.7552984679347796 1.1111075571266342 95 98 113 2.8271901544690756 
48466 3.814135847781058 2.0866994574180016 0.8368448842284382 162 158 149 1.0226267107835454 
48465 3.809919077993088 2.0909823043933033 0.8405251989396714 196 193 190 1.5905533715240887 
48464 4.07696916564635 2.6626105688712545 0.7959105782712965 119 121 135 0.3333112195001519 
48462 4.171707768408268 2.638204550135208 0.7292921767671245 146 148 161 2.2872972616731126 
48461 3.858965832251978 2.0896724339491817 0.8196617045523896 186 187 181 1.5736001748559507 
48460 4.086660324671305 2.5811824806415165 0.8032297370065637 37 40 55 0.7288162711444867 
48458 4.231567517755534 1.4443565173531459 0.48304175635384206 53 63 72 0.11662210782675403 
48457 4.137388564989988 2.351913386689057 0.7785263088859355 173 177 186 0.44555462298770465 
48454 3.886651861482701 2.0665391184498807 0.9277490973298471 49 56 66 1.4546574885357642 
48453 4.09543357917595 1.9869801367270215 0.7839959624698526 43 52 61 1.302295296108959 
48452 4.157756061487195 1.9954045049506155 0.8007352721388599 7 7 7 1.5193188186676316 
48451 4.822662812303792 2.848769531231689 0.5907514503054877 74 78 81 0.6526665973751617 
48450 4.270179112676139 2.3408247568216813 0.8190723996091823 191 193 192 1.1459309091408378 
48449 4.523335521848272 2.3357242803401963 0.7523306281273603 189 185 174 1.9377619907158452 
48448 4.332109932994491 2.0057992293530686 0.8091123203886649 16 19 24 2.0373764617466867 
48446 4.432938267752623 2.058773750875589 0.792004230759962 33 37 40 1.9437389974600623 
48444 4.438150606082976 2.22204188565122 0.8334718225210423 183 185 172 1.0458641670411215 
48443 4.42780185550738 2.226554075522759 0.8384680572966094 183 185 172 0.6135567061455935 
48442 4.592875447658223 2.4148114908598277 0.7909560545303929 50 51 42 1.3125433759546374 
48440 4.4464782886905345 2.1042323893382093 0.8533267832804341 181 183 178 0.44717370003790613 
48438 4.4851992403919025 2.1521762489123257 0.8499068242545895 85 90 83 0.6726478387340953 
48436 4.683227751458132 2.5458591050056207 0.8220355950841179 186 174 152 0.1524895940584509 
48434 4.799722910624616 2.9410087827706084 0.9267758694149995 122 133 139 0.865254597967855 
48433 4.814867264983764 2.690013853376028 0.9120115450981232 26 38 53 0.4720835207122396 
48431 4.799151408020482 2.7010155389288917 0.9177880878960203 20 32 46 0.9547270374662751 
48430 4.783391595649713 2.6726184363935843 0.9228806691466085 11 20 35 0.7976544828997524 
48428 4.763186177733456 2.578047879128988 0.9282854514570487 29 33 45 0.8060150403224222 
48426 4.7791337590801595 2.5452486185015943 0.9221331308257503 14 17 32 0.7100653320743784 
48425 4.7933732343551 2.5139724916432122 0.916943903180485 26 30 42 0.4483523302389744 
48424 4.8343199994089545 2.699320333667105 0.9165589503848797 14 24 36 0.12048770521485057 
48423 4.881012272360119 2.679632125709855 0.9235383506680733 98 108 120 1.0913163101094707 
48422 4.6869249589279125 2.425941383093934 0.9772496782711715 13 22 21 0.30706419222039927 
48421 4.89587301235491 2.7612226334862373 0.9270774634828077 109 116 129 0.5493075008588951 
48420 4.6915728365337035 2.4230390772708645 0.9850592242282235 211 220 224 0.4915604089711816 
48417 4.931857163713298 2.6907014054254685 0.9451247336446054 181 194 210 1.7632638535065206 
48416 4.663978966581022 2.29839329346047 1.040456229201011 141 148 154 0.9355335685356928 
48415 4.879467990466111 2.6143725739541637 1.0210027122554872 171 179 195 0.35943534146056266 
48412 3.4157068975258675 2.215462514515451 0.8262371271078277 170 187 203 0.4781947882528124 
48411 3.5213517033623796 2.4662114511618096 0.8442710036525989 90 90 55 0.9674371688213638 
48409 3.419037233252919 2.2142347607437234 0.8466556917416505 217 220 227 1.2582443282719675 
48408 3.441948091915571 2.195253281483848 0.8262883600145317 154 181 197 1.323923448814607 
48407 3.6292085220052237 2.5088013169924244 0.8199033990615062 8 8 18 0.42377262750973416 
48406 3.5843297979523205 2.3091898387246172 0.7907632388133025 114 149 147 0.9956531472079583 
48405 3.6170117913757753 2.3679546029273904 0.7820568458474748 166 164 156 0.8772367293763091 
48404 3.631398141553501 2.4557811043181887 0.8148720065683995 14 18 27 0.5608020953585743 
48402 3.5060504566693393 2.04584915910734 0.7854845885971948 28 33 39 1.9088141199668396 
48401 3.7227335450697083 2.6130708706890595 0.8220860710608602 177 183 195 0.19934028977522603 
48398 3.7830831334967012 2.682422687394526 0.8038232290341348 76 82 96 0.6291396555812705 
48396 3.4752174270454894 2.6636019002935685 1.1397717625621189 163 152 130 1.5770016084153533 
48395 3.7518783718541515 2.6124333639306903 0.8204187079964141 68 74 86 0.6125141410751677 
48393 3.4913216389896826 2.2051104339720347 0.9464881516085774 141 146 152 0.10232076672778667 
48392 3.7922691862714424 2.589481753951995 0.8075446400379516 1 4 18 0.4027738878960213 
48391 3.8342666116512634 2.639336781402345 0.806036867784506 176 182 196 0.21635023779258777 
48387 3.7602090449062855 2.3293880713036104 0.7845018354660273 165 144 117 1.0203614854082237 
48386 3.7417245462805386 2.283852458428544 0.7992743774680214 137 115 92 0.4240261049743969 
48384 3.881139767775068 2.6238813145607596 0.8070793278130565 21 24 39 0.14650292604538764 
48383 3.7118027349293596 2.1888245331143747 0.8188098864312419 47 51 52 1.4478445822373074 
48382 3.963772119372793 2.5443616756460945 0.7456498639585168 85 88 103 2.3133095561684325 
48380 3.816007814136273 2.4605007540754027 0.8618759154640446 153 152 150 1.5394907730648486 
48379 3.8111234504449967 2.2568887557629984 0.8040125374731535 3 40 122 0.3508106033111388 
48378 3.797194269779799 2.1741451438764816 0.8018632988608887 139 93 104 0.5360026929823564 
48376 3.7965690887392656 2.1103070723692863 0.78898745796454 84 48 58 1.663544765145249 
48374 3.787263730591577 2.1184292436224146 0.8079083827582135 68 57 51 0.7220912727172606 
48372 3.8696416616191476 2.2051915717295367 0.8085533050512972 176 183 199 0.4368877005728584 
48370 4.014127842170984 1.9144632407820663 0.7791522681675566 229 233 234 1.598009519921444 
48367 3.849895702249649 2.112394492445807 0.9486869394158626 131 138 146 0.28800475045250984 
48366 4.107379263792931 2.3118264381470377 0.83139484336038 2 12 13 0.7287711479704152 
48365 4.164123142691215 2.358093241749489 0.8166671857606443 35 39 42 1.1101179073630778 
48362 4.121178982879001 1.9684555932710475 0.8013872813325825 18 14 15 0.4655107673698465 
48361 4.1614350771386714 1.9954310160547235 0.7916580435278228 4 7 16 1.309091350694707 
48360 4.158032736836839 1.9363112671593539 0.7872384753959962 165 161 159 0.5577335547664724 
48359 4.18254022068843 2.0982015148713824 0.804577927855419 35 43 56 1.7541530468649078 
48358 4.168250216572602 2.1337304863294353 0.8217848430088209 11 19 30 0.3017642683597099 
48355 4.309442831156949 2.029571309686391 0.8219695654395991 121 125 126 1.2958899007722604 
48350 4.287392651121001 2.091956174817562 0.8530541483983572 104 101 103 2.1495134420967266 
48349 4.410317956911816 1.99326138798949 0.7854795333768922 12 12 22 1.1298966381318245 
48348 4.492213677389155 2.344643238489533 0.803992652497042 176 176 168 0.8571769581063736 
48347 4.373402908302865 2.156549195988355 0.8460090680954122 131 133 130 1.5860655042914586 
48346 4.514130686158108 2.3305245037537268 0.8148465292941128 95 96 85 0.7301743272810286 
48345 4.376666462024501 2.1194680684080724 0.8550019090481379 15 22 22 2.09211561776681 
48343 4.410459450011703 2.1021834638302854 0.8413741804466628 106 108 104 0.4996959552856717 
48341 4.6067255199058845 2.368565536846737 0.7887474453182227 55 56 58 1.0680419899343683 
48340 4.669899946208045 2.533176433396327 0.7799354878561864 158 153 150 0.9532221114829165 
48339 4.689481225236473 2.4038132374419208 0.7596249423537537 156 160 159 1.0638474776714224 
48337 4.378156002538699 2.088515654601996 0.8852891359113119 158 158 160 1.3358683864740994 
48336 4.359129411072843 2.1327610706486992 0.9134154466502116 185 186 189 1.1918791526946335 
48335 4.681439121012492 2.539219355577401 0.8234836508688922 142 132 123 0.9222947586935779 
48334 4.566567213512057 2.1194798336739975 0.8542228396576554 130 134 119 1.424809107310042 
48332 4.613942690401519 2.1675955667136257 0.8832150703006096 124 114 102 1.5771390473044244 
48331 4.461266226554602 2.193061394369291 0.9494009307135317 25 29 35 0.8295618448430803 
48328 4.752871511731422 2.409318791906734 0.9238970143757591 90 99 116 1.7189305692101289 
48327 4.794482559068168 2.522630725016827 0.9276250267925646 23 29 41 0.49140027761760585 
48325 4.845480774095289 2.6376214283322836 0.9266791298459172 103 110 128 0.9798978112497251 
48324 4.880748003639747 2.700782828260202 0.9271966792826685 142 154 166 0.8671391225663485 
48322 4.923378058289547 2.9307465602764715 1.0146414400930441 104 128 166 0.6614306958920999 
48321 4.868649225939339 2.67359189944796 1.0249016528912276 150 153 168 1.0872302948061618 
48320 4.88041129405831 2.61445942653927 1.031747513042189 59 63 74 0.7897037563318122 
48316 3.5178562936091056 2.4700770287870735 0.8431902452959725 135 143 59 0.1517606082496861 
48315 3.5458393638006616 2.5268643980620125 0.8486901026587517 80 75 104 0.8369275908630522 
48313 3.546186136943578 2.5002934876684435 0.845779326929831 33 63 153 0.7360104438993664 
48312 3.5887015253970245 2.5159509055877947 0.8369440923956475 15 14 20 0.262219249954355 
48310 3.732716893318221 2.696734210098924 0.8045823542694099 64 70 84 1.5971720618434784 
48309 3.6312371063158224 2.4180249125628643 0.792896388514144 119 72 53 0.6857946652641154 
48308 3.7011069561410177 2.58952329385197 0.8085672881000198 169 177 188 0.7724649878614582 
48306 3.7524971219014818 2.676895446233712 0.8027585548890367 97 103 117 0.6762415875097985 
48305 3.7506066287267603 2.5801310528137957 0.8065504233663048 7 13 25 0.9985711670928732 
48304 3.4877065604764237 2.205619297644552 0.9436901533420041 28 35 41 0.43995996561034517 
48303 3.6560333688382465 2.2476446248025033 0.7940263369645065 11 12 17 0.7081983710930427 
48301 3.7166302326686775 2.2199497709572578 0.7854674204226277 64 67 69 0.257706682101275 
48297 4.012753090083585 2.755905285119722 0.7672146570246352 116 120 121 0.14211659953098182 
48296 3.8988900844223933 2.5653283484555627 0.8075659260041542 109 112 127 1.3050913317424326 
48294 3.805358707654872 2.12258727581344 0.8052981052169819 187 170 163 1.8171165459373047 
48293 3.861855494894401 2.1781147619914445 0.8143662541014747 166 173 189 0.9605660090758956 
48292 3.8635200663781384 2.176167485180522 0.8121396489755713 166 173 189 1.2531016898666225 
48291 3.879142230673759 2.09765324501239 0.7954392267397896 236 242 242 0.6742849848066372 
48290 3.857663070138284 1.9717542818790355 0.7859541799909827 66 63 58 1.2977395062673998 
48289 4.050467748849938 2.563815167866263 0.8131787292056569 88 91 106 0.5932543609644493 
48288 4.0931116061470485 2.6277967662257318 0.8026405486095209 2 4 19 0.4415052469113025 
48287 3.8715222516500374 2.1485316959830625 0.8525504476070012 242 249 253 2.2168202901182044 
48286 3.3986297094670306 2.707985096102191 1.3384773426695311 55 51 54 3.2491300680299555 
48285 4.7329264077002104 2.817909133052467 0.4523449126316462 134 139 143 0.061379405370483364 
48284 3.993443941020313 2.198471994241881 0.8191122931924402 166 173 189 0.2215573056343895 
48283 3.9727469108390827 2.0736630348963305 0.8181867139464429 172 174 172 0.5278746038615125 
48282 3.9728275825168553 2.0683794444966566 0.8194621044459324 76 78 73 0.28875058631239403 
48281 3.9729040834219904 2.1012666431090796 0.8601088556452807 4 13 22 0.8991501230365126 
48280 4.0775710429702885 2.149433222963604 0.823374405114614 148 168 179 1.357908940335673 
48279 4.175237724637105 2.4060042008666684 0.8193965382356789 159 159 151 1.6821323675699393 
48278 4.089667366645283 1.8973462962514989 0.7682484290897663 135 135 137 1.4542269964871481 
48277 4.163954579231636 2.3725877247881937 0.8269692282029 50 59 64 0.4524121249982853 
48276 4.099562104969498 1.8987437823140243 0.7762377205758018 45 47 46 1.2485306477517117 
48275 4.223784254615838 2.4416854178630403 0.8149960457187423 203 196 179 0.7344028333583654 
48274 4.137246087529032 1.9531371015159193 0.7837654242405101 117 111 113 0.599216321239539 
48272 4.202431475947662 2.124418714884101 0.802613267297028 88 94 106 0.8407769327502228 
48270 4.412745506946577 2.371050595971826 0.7882776449034837 145 138 130 0.8677641133774999 
48268 4.379463257268352 2.001400225631531 0.7758657204394742 100 101 103 1.3773113615199097 
48266 4.4038516194233175 1.989027638114764 0.8103127222576604 44 48 60 1.9317906585651332 
48265 4.513174520438134 2.271799017632147 0.7990115734728302 49 49 37 0.7385607639398355 
48264 4.55469537569912 2.347215820924409 0.7957586212739 61 61 53 0.323490958853018 
48263 4.4608696148833955 2.2261344404975083 0.833687509407027 174 176 165 0.6679097427031435 
48262 4.613401839030918 2.372578348925736 0.7836263477945635 115 116 115 1.644519930814126 
48261 4.698520921970319 2.8262884283702627 0.7982531769111468 132 133 135 0.8251147470164056 
48260 4.594175651377825 2.3506719972525474 0.7916768231675185 136 140 139 0.3092187700500854 
48258 4.355350049197428 2.126528882749671 0.9107868028349023 207 207 211 1.4421723315020718 
48257 4.631354510938653 2.1612133616436946 0.8882991930162143 161 139 118 0.5035974621128269 
48256 4.63219251015691 2.1629931940844185 0.9043514708015467 52 29 17 0.5027390138682594 
48254 4.683310634427803 2.202427356884957 0.9238988331555167 192 191 189 0.2732685179045582 
48253 4.683310634427803 2.202427356884957 0.9238988331555167 192 191 189 0.2732685179045582 
48252 4.781329962960719 2.7838982685433216 0.9841343324468419 187 202 225 0.9980678692030434 
48251 4.843019760792948 2.504677984494623 0.9710994181868493 144 131 138 0.6284140042810252 
48248 3.6831452740123494 2.6244628479289145 0.8094036310007333 67 73 85 0.2954821379283551 
48247 3.6061107668008723 2.370789784506224 0.7898942124922752 139 142 133 0.7040675374239266 
48245 3.6658557829818736 2.4767314037937105 0.7888296704018033 115 118 127 1.6399806338492673 
48242 3.706420449192416 2.3563485924032563 0.7886045437744928 193 186 160 0.4676257710327789 
48241 3.6937469045243523 2.2389453916859745 0.8082651628309682 55 58 63 0.4054173268132869 
48239 3.878836000945064 2.4659852269458007 0.7744521767740916 153 151 138 0.910452864436108 
48238 3.733806546541193 2.0724250057907248 0.7850744559400519 154 147 137 0.48664295081910547 
48237 3.7417216458528615 2.1405846765102137 0.8008467654424805 181 171 159 0.308865881654363 
48236 3.766626697484373 2.1176468778217306 0.7720571938111593 136 129 108 0.8761618244847295 
48235 3.8077974628457945 2.4430980607983335 0.856216811896735 159 160 152 1.7756531231949215 
48234 3.7585571912834643 2.119407134412491 0.7941135147877322 201 194 178 0.5051421149170154 
48233 3.799490097150719 2.1818827018258102 0.808515547888662 140 99 113 0.3230949853877015 
48232 3.7587316191180777 2.0946365541948975 0.8449666836020538 42 38 35 0.45667946855938396 
48231 3.920878544461164 2.4139964993367506 0.8141153991648993 153 145 126 1.444882036872733 
48230 4.012038227463358 2.6041800912909103 0.8034847217158217 77 80 95 0.18334163184510022 
48229 3.87450222915777 2.382795653040337 0.8533804038939775 226 230 239 2.1574396425943974 
48227 3.8981844305015687 2.161577894771474 0.8097513293394007 171 178 194 1.346636729487877 
48225 4.106970833093555 2.665497691913308 0.7936769337261554 162 166 177 0.5066412220318729 
48224 4.049176195339487 2.4009697840117603 0.7719311436469101 85 98 97 0.29309905772603423 
48223 3.970416409407599 2.2641047612639396 0.8148794069530271 167 174 190 0.5641421378188812 
48222 4.0047308458758 2.309326333262531 0.8043342085107634 222 229 245 0.5263750601583251 
48221 3.9321484386779106 2.05391776355682 0.7995255309183447 18 18 18 0.21232534663751387 
48220 3.9519391943325584 2.063520789052235 0.7963456103419723 186 189 183 0.5294590111245007 
48219 3.9921824643548267 2.209467162959794 0.8225371364273227 172 179 195 0.3096409875953856 
48216 4.181550772851762 2.406252380024001 0.8119540445479968 174 174 166 0.7517230447667673 
48214 4.3059730866664445 2.1810748315959545 0.8089821803616781 166 168 165 0.3445351792635243 
48213 4.313648810840436 2.1314901413687117 0.8101710454162937 23 22 20 0.7600631518330522 
48212 4.421970300957703 1.9975868791867681 0.8154729137065924 12 12 22 0.9544831390436035 
48211 4.3556535886248815 2.131599870898193 0.8806242330607812 20 25 25 0.9222632897090226 
48210 4.373230898078154 2.1121293676107675 0.8806369447950197 197 199 198 0.7229447676253157 
48209 4.811354090526096 2.918549235292473 0.9158190806092235 176 187 205 0.14783182628564706 
48205 3.7843165330625457 2.021100633620534 0.6870195316923239 83 87 98 0.3322270977309131 
48204 4.096937468281201 2.519437873066213 0.6607377174100589 14 17 32 0.8753419428066218 
48198 4.124660902208271 2.4877762474912197 0.6557900234958227 15 18 33 0.3786786906467675 
48196 3.4218946242937314 2.213797214559204 0.8455305378828154 68 86 94 1.4676495402899081 
48195 3.605268862650146 2.5342050286632434 0.8176883615590607 28 32 32 1.2846816439807092 
48192 3.5092085534547497 2.524045847967851 0.8447842515633867 195 200 125 1.036373632863602 
48188 3.567438313578959 2.3495266052171497 0.7811514021930118 187 191 165 1.575205735226272 
48187 3.742702325255469 2.078827878911588 0.7732489986947065 157 148 119 1.2630034052317591 
48186 3.677679601462439 2.6597240310746826 0.8005641536856619 86 92 106 0.7997077822490033 
48185 3.552051659812947 2.512151574963323 0.844631829542078 67 70 112 1.2717860526221652 
48184 3.9422535702638095 2.4598907991621775 0.7775924230459984 171 165 146 1.4011183830592118 
48181 3.532168903376167 2.4869413435286543 0.8442548132958415 34 52 78 1.4215844024995594 
48180 4.142829534456795 2.308715734817369 0.8353853267885081 0 2 2 2.067201455502823 
48176 3.5504008295307807 2.4887979758701397 0.843959493058869 238 225 150 0.9754233136282515 
48175 3.59185355484421 2.3450832446336043 0.791039347601221 126 153 144 1.2406685007579326 
48173 3.6653990150001126 2.2451783566169565 0.785346070177595 13 16 16 0.9136551360426164 
48171 4.19673444087261 2.4165350240866625 0.7931834257863688 159 156 146 1.7902223732375782 
48170 4.190424854414618 2.394057268067591 0.8247668812604786 204 208 213 1.280571332476441 
48168 3.5067974456977384 2.4492618010885265 0.8439118598565369 120 115 87 0.853022159304612 
48167 3.4977428762054528 2.4229264793471827 0.8412291180514216 94 136 117 1.802491169756376 
48166 3.436873432809285 2.2054479177523403 0.8378616162675598 36 100 136 1.7926718726684463 
48165 3.588150052085034 2.349706080533024 0.7844492263995098 112 117 92 0.9542111653626293 
48164 4.052446739271847 2.2540918060524877 0.840086073231649 93 100 109 1.2675730237108611 
48162 3.492678092318713 2.1140575974953313 0.8531491410690265 152 139 130 0.5735366197369437 
48157 3.4439055063114123 2.220213256053597 0.932000734292725 5 11 23 1.1776529578392978 
48156 4.216136157750016 2.981838610466449 0.4867628543644872 18 25 35 1.0783148607364592 
48155 4.216136157750016 2.981838610466449 0.4867628543644872 18 25 35 1.0783148607364592 
48154 4.771280172658659 2.8735958114795643 0.5799218042781418 114 115 119 1.854500082439683 
48152 4.744469802990393 0.7555150126137278 1.203219748692757 133 130 111 1.8627393724264079 
48149 3.446395829611661 2.1470959519096917 0.8580624059589325 21 30 35 1.2186268576580568 
48148 3.4751724558026886 2.0604632307392334 0.80841605936391 126 126 128 1.868739893301344 
48147 4.214171489579466 3.00000053948201 0.46263771737464754 128 139 157 0.5912123613383452 
48146 3.8313878469827305 2.621946207663472 0.8031334862899313 80 86 100 1.1063433420972575 
48144 3.9481073960063675 2.0562536193532335 0.8166300133920823 22 23 25 1.3485010202053644 
48143 4.104741981036405 1.9532849783502602 0.7950603470332849 205 203 204 1.4783113994103563 
48141 4.680733270073247 2.879135346649388 0.7718658577481808 13 24 30 1.03740883210637 
48139 4.759372291639272 2.490722458294429 0.908063390681683 234 237 254 1.2318405770472363 
48138 4.023777290546284 1.7253255248217256 1.3654408953733872 199 195 196 1.3110654931345722 
48137 4.023777290546284 1.7253255248217256 1.3654408953733872 199 195 196 1.3110654931345722 
48134 4.210486094237295 3.0129284926451314 0.4758115739207289 8 26 50 1.0417694428102309 
48133 3.825708401460956 2.6918010435149715 0.7889378753039124 106 114 127 0.7032032119284313 
48130 4.726746999737548 2.4241231196425463 0.9008172759140036 92 99 117 1.9714004452015743 
48129 4.782284049051701 2.2866868910904348 0.9206949187979034 105 108 115 1.4188379714130621 
48127 4.73081389695176 0.6547499562262602 1.2116256769348765 127 133 119 1.241202805520599 
48126 4.734072513285347 0.6499310555411397 1.2107038061743016 127 133 119 1.2965399699664213 
48125 3.5044203774314093 2.496716309313447 0.8227427438042954 126 165 220 0.5843836043421324 
48124 3.680544926711713 2.437274421041306 0.7714608507313349 2 7 15 0.8243563280701761 
48123 4.204472078002738 2.9885877978624937 0.49498426908507553 8 18 28 1.157559053821915 
48121 3.875406809753041 2.6040359704922134 0.8133540980648979 85 88 103 0.8201228685275908 
48120 3.999291817315784 2.395402780944365 0.7669861357358453 216 194 171 1.7026258556347678 
48119 4.051077612840764 2.3598955481698827 0.7632792106785616 92 68 50 0.27989892145805445 
48117 4.135612162611353 1.9190452668571047 0.805439359556796 144 145 165 0.8727875710179269 
48113 4.7945883244796 2.528103116267846 0.8984687593091518 99 102 119 1.5948551580570591 
48110 4.661143477943547 2.200682403313478 0.9344283980792121 63 65 62 0.873131663675419 
48109 4.760776416594882 2.2796117050434823 0.9136910307106347 233 237 246 0.4057461190577797 
48108 4.776456187679175 2.2728768000990427 0.9083016409864929 233 237 246 0.7246598639323436 
48106 3.561612700450794 2.513049434468123 0.8514668315846529 187 207 135 0.9687645495505095 
48104 3.6946520611523606 2.6807493545179577 0.7978465183802973 21 28 38 0.5914070157333113 
48102 3.522021785521926 2.039923673221063 0.8042262182856679 152 145 139 0.5527710690204486 
48101 3.861327290956701 2.628318507569997 0.804754615335275 19 22 37 0.5298661128237661 
48100 3.724406626182976 2.084799768510485 0.8426562491313543 169 169 169 1.758977018891504 
48099 3.928987104298751 2.4562557756771883 0.7763790690130423 219 214 194 1.01485552045903 
48098 3.6590799889853995 2.1358453257313506 0.9128693511185941 165 161 160 2.678783901740097 
48096 3.74693995869389 2.0890996634038865 0.861035896313706 171 165 152 1.4873289309489435 
48094 3.842884247906957 1.9502652271573102 0.7845219166258076 33 31 29 0.43311129263369696 
48093 3.937647380584303 1.9503056257466205 0.7182747349167924 73 72 68 0.6281869406168799 
48092 4.133734483052325 2.230245023913509 0.8028283598445702 161 167 179 1.3140669199623172 
48091 4.174826358645225 2.155358688540302 0.793716062778796 85 93 104 1.3909811202988318 
48090 4.160625140646371 2.0071659562333153 0.7802039976874715 7 16 25 2.0172698704075485 
48089 4.677231658187266 2.7277566902953683 0.7097113559712197 124 123 119 1.9678761660157875 
48088 4.687172995319432 2.8441316324364494 0.7807180773219444 150 151 155 1.479725143392337 
48087 4.561187175086456 2.3550235587458643 0.7957215815751083 180 177 168 0.8442461425472282 
48086 4.621197155847234 2.373728911170716 0.7886653793911965 88 92 91 1.420941349158894 
48085 4.675596872995649 2.5161280112641284 0.8289013937954612 165 155 132 1.3302180846167104 
48084 4.631280063615275 2.1517721417595124 0.9218159147684798 117 85 62 1.1285751897195742 
48083 4.706293875023509 2.259504070984977 0.912562393434224 91 95 99 1.0291018288549358 
48082 4.758648012120785 2.5377928278497874 0.927792066210409 126 129 148 1.5135807619472956 
48078 4.722968428361673 0.6319447439843033 1.212899665469778 245 246 247 1.0234960201842416 
48077 3.4255900597497915 2.2118532140389924 0.8402417206879167 192 203 209 0.9738782824671025 
48076 3.601335818825451 2.5309543101714267 0.8008454807741977 187 189 166 1.2698711152073365 
48075 3.610175236191381 2.496549061832112 0.8203460703742699 84 89 95 0.3265037021001897 
48074 3.5720736687552948 2.3173599618133682 0.790647825614072 202 222 228 0.9792476893605006 
48073 3.6927692428890917 2.6208207688836214 0.8057808734189534 90 96 108 0.33613277400232827 
48071 3.6396272649795485 2.504756764807899 0.8178111667822116 23 23 33 0.7882223753025197 
48070 3.702624603448897 2.6533721085812325 0.8117338383467416 25 31 43 0.5200777167011399 
48069 3.6900374591783915 2.6113606803171896 0.809582006032045 69 75 87 0.6052756645924724 
48068 3.6092501156546253 2.344128154141484 0.7865465592617994 192 178 178 1.5924519788512363 
48067 3.6079213511792805 2.3440152672122023 0.7914041558269999 192 178 178 1.6158337998446668 
48065 3.686391993888376 2.5707026577715246 0.8091911022162233 70 77 85 0.4207239948439662 
48064 3.791087075921366 2.626250389890908 0.8040357316951522 16 22 36 0.6607255524944273 
48062 3.8224799214148666 2.670101675602032 0.7984294177257281 7 13 27 1.4194360104752826 
48061 3.789436535458295 2.5987883526564763 0.8062410573253054 19 25 39 0.07823337971691646 
48060 3.805458349772367 2.59621755233845 0.8042556808412935 53 59 73 0.9963162384000113 
48059 3.6000566161441006 2.199885443805527 0.9721777996182658 49 56 66 0.9648660431861598 
48058 3.940966667456543 2.6135337061962445 0.8041935872351947 16 19 34 0.2507449357612502 
48057 3.80944443577737 2.1022672712804846 0.8322450497853205 190 186 175 1.1938739965834784 
48054 4.100596688302977 2.6187911299897264 0.8048552412130666 99 99 101 1.166169832608154 
48053 4.0961502096651 2.590566284448301 0.8083660477373077 61 60 68 0.8391914194541407 
48052 4.1178330858543175 1.6212501533412873 0.6359546052355806 46 55 64 2.082361801038005 
48051 4.039052601459188 2.175415784380384 0.8280535736371013 49 78 89 1.1417894141932194 
48050 3.848592076274903 2.11073759388849 0.9464169632268511 122 131 140 1.1225516297268319 
48049 4.139613749738079 2.1347736886737927 0.7968970103489134 208 215 233 0.7447785704489711 
48048 4.128887687262765 2.27471834886133 0.8329032005968965 52 56 68 1.665249505579434 
48046 4.158252839229635 2.325815847878183 0.8313603392008235 181 179 166 1.6071650605127497 
48045 4.300596604583815 2.153306645526346 0.806746132560049 32 35 36 0.9757451924283677 
48044 4.404429020625777 2.1019315864384787 0.8018304186983163 100 101 105 1.4833523125587638 
48043 4.693829479949512 2.91288814128983 0.7776111324461751 150 154 157 1.340289859618279 
48042 4.642465792744234 2.546424903715644 0.765742341036759 187 183 167 1.1520654942349382 
48041 4.687562480235241 2.775683775067757 0.767103715291394 79 83 84 0.979150677341494 
48040 4.430863308257139 2.1563689882694774 0.8467966641391157 185 184 179 0.8478670161044696 
48037 4.5658684819632835 2.282046651395765 0.8373438919974105 129 135 135 1.0228484027914964 
48036 4.658172061606465 2.2213489466828196 0.9192094130654802 120 114 114 0.9517559766905764 
48035 4.74569305232109 2.4370855816479358 0.9240029266446174 97 106 123 1.8535513587773407 
48034 4.705811252848103 2.3576522391907146 1.0088620213818895 192 198 210 1.6949010973076182 
48033 3.5116254471410304 2.5442411042390107 0.8430256986596432 169 166 94 0.6982403751600288 
48031 3.403613603684837 2.19899247761252 0.8246842124602395 132 137 158 0.5822392573900224 
48030 3.6074295502424314 2.5304982189689884 0.7906223406973079 59 54 40 1.4595671377295867 
48029 3.6999336699270087 2.6834732929688965 0.7966931763731294 79 85 99 0.47635172545203575 
48027 3.69472266132342 2.659283344544537 0.8038691171691931 89 96 106 0.46255968343447423 
48026 3.633536553836871 2.451796365707911 0.7823024159069203 72 76 85 0.9471680540154737 
48025 3.682059676506273 2.6351947262118216 0.8141197308235293 15 22 32 0.7476688518154048 
48024 3.682059676506273 2.6351947262118216 0.8141197308235293 15 22 32 0.7476688518154048 
48023 3.6114509279203864 2.3736071119444855 0.7778096974097137 172 170 157 1.2954766206474901 
48022 3.710990071062994 2.672972076458499 0.8009181877692211 12 19 29 0.7531117882671479 
48021 3.6332367167634234 2.5038812941003665 0.8189009979757479 171 171 181 0.430623538394671 
48019 3.707997136712595 2.635242182280618 0.8045452637952984 25 32 42 0.8692193860325803 
48018 3.5202909762985812 2.064151060746947 0.7869593893749202 40 48 59 1.0519179284321956 
48017 3.596887530939255 2.253893159586691 0.7794952477275948 136 133 128 1.2262606885030565 
48016 3.439653137785479 2.2171698970155846 0.9550130579023215 60 65 71 1.3082396757374015 
48014 3.7411121645767054 2.5241419066207875 0.778939165212767 183 177 151 1.355431643633189 
48013 3.7467241404041607 2.6113888614084573 0.8120898120386085 8 14 26 0.6870255528349927 
48012 3.733051456488801 2.5526595928194777 0.8062313027026676 233 226 215 0.6374387322276572 
48009 3.77051473082253 2.616747733596064 0.812274891431256 106 112 124 0.9165410957267289 
48008 3.81541089620041 2.6738581584445757 0.8004587910505172 107 113 127 0.5941882625611544 
48007 3.7963698409918836 2.6111831056302917 0.8038536394319195 104 110 124 0.858494452150186 
48006 3.823105525585376 2.6275064011326785 0.8031091718679604 91 97 111 1.0497885016191804 
48005 3.815202251390096 2.5962106493594055 0.8071760452623372 18 24 38 0.5300136917693945 
48004 3.8509614633628497 2.684108371055256 0.8035926079922738 119 125 139 0.2021216889633621 
48002 3.4318553806525283 2.7892884601343813 1.2527660460705183 87 93 107 0.5405749269947895 
48001 3.830451608379184 2.6301137525700757 0.8147086059567346 80 86 100 0.9450172041337935 
48000 3.847228432350136 2.6276818971623315 0.8085243952754956 134 137 152 0.4574461835122814 
47999 3.888395783612882 2.6537687445089957 0.8035269534827199 19 25 37 0.31073727590995953 
47998 3.836386476044779 2.4696816333153233 0.7966971119020966 193 194 189 1.1652922611378091 
47996 3.746360981248844 2.1678070345283427 0.7893249213787346 41 28 16 1.3986891175831282 
47995 3.870002854016449 2.4717187547932644 0.7952136674082627 219 227 206 1.3940798877663128 
47994 3.8029653723065144 2.2851927177921416 0.8074772742367006 8 85 183 1.1096644537653526 
47993 3.8952054840119423 2.5709955126312134 0.8124982987287621 15 18 33 0.8528569629063432 
47992 3.8340473475574637 2.4751619348625313 0.850274462115416 200 188 178 0.8232332608389875 
47991 3.8260352514542593 2.4933191295251675 0.8629435110784153 175 166 164 1.726779327189785 
47989 4.066793559315642 2.3330968017505658 0.7531727541392665 228 225 231 0.8450182860911234 
47988 4.1007178526812815 2.5818877344222586 0.8069547223438419 94 92 95 1.2161182941073594 
47987 3.9750655128289853 2.0613108070907487 0.8034964307748088 168 170 168 1.1029332350174246 
47986 4.0036485041272245 1.928134047193567 0.782669545114624 140 142 137 2.021086322051369 
47985 4.0904178485623595 2.1361684055593466 0.8245196712870071 37 45 58 0.507469038463176 
47984 4.114843825793935 1.8525852790261614 0.7618764158124139 44 47 52 1.134493749040229 
47983 4.100413838408906 1.8890170976663359 0.7762030299162258 253 254 255 0.9842432026615442 
47982 4.161655779376998 2.018853332081731 0.7658275637777284 3 10 21 0.7304534494409193 
47981 4.138275627006127 1.965276903927536 0.80088150079498 10 6 5 0.2064944205936687 
47980 4.149438147863233 1.9536240036822012 0.7919788625542401 10 6 5 0.6654875926948044 
47979 4.207788145203931 2.384191911804348 0.8392212164682218 39 47 58 0.7773772324668026 
47978 4.270777959792589 2.2792526289951285 0.7988161320745295 141 141 140 0.9862527469794716 
47976 4.791052830349938 2.8047401057692585 0.60717249857496 79 83 87 0.5059828236792349 
47975 4.679945702963571 2.7976379455010094 0.6721759639899475 81 85 86 1.1717320190663627 
47974 4.31956161866978 2.19897386173783 0.7954697695258413 36 32 31 1.2994562592815284 
47971 4.323801084303684 2.071328562275235 0.7886291232853255 38 47 56 2.012813232914333 
47970 4.374605025772541 2.174485079723564 0.7850680648039876 160 161 153 1.6348524351595177 
47969 4.685400048549909 2.8119665198412678 0.7469193014993101 129 133 136 1.8288566165808287 
47968 4.4152365030417196 2.1787779883492666 0.8389852407136783 94 95 89 0.6111949748996466 
47966 4.683158661216563 2.812780208076345 0.817266782594034 68 77 84 1.209641124193187 
47965 4.687815924518771 2.811115537869705 0.8155428441957316 68 77 84 1.2207419421026535 
47963 4.391233705818531 2.1891490230673103 0.9672207943056772 29 38 45 1.2414179979711875 
47961 4.784689524985796 2.2966076454174082 0.8846416401455831 237 245 255 1.4827471910606553 
47959 4.780843408236873 2.299629718457983 0.9118642209329294 237 243 255 1.7866134827759446 
47956 4.814934072344093 2.3880242947455894 1.0386275803675677 143 147 159 1.2069566131747718 
47954 3.4055073307211363 2.1787856736377567 0.762199176707929 148 166 187 1.2865621513128132 
47953 3.4753961961348225 2.453303401728934 0.83686268889107 142 154 92 0.269302001602624 
47952 3.5051479615418994 2.5398193505675146 0.8465128998946287 170 161 90 1.1443320586912404 
47951 3.404345407492892 2.1914500638875882 0.7877748940342876 178 137 141 1.5293964870406003 
47950 3.48358765904835 2.4637148728583362 0.8451212520017529 183 182 161 1.073082412964991 
47949 3.4248654158957788 2.2145797618072516 0.8327258218335049 195 203 216 1.168122757573277 
47948 3.5105391173291793 2.4345546856430897 0.8422397535896542 215 225 126 0.8556047428096055 
47947 3.531620050777324 2.4817003691432196 0.8418898339007468 177 206 245 0.38486791109593405 
47946 3.5230370673547067 2.421405902272287 0.7954083879180347 0 0 0 0.7860000331300405 
47945 3.5314333164408875 2.47053013361217 0.843244496756633 149 145 51 1.6028343660519397 
47944 3.6960937822509146 2.701014650869239 0.7912954464436852 96 102 114 0.1602494126183479 
47943 3.6704641579845556 2.607138842522649 0.8020304215817878 6 13 24 0.2415053021416859 
47942 3.6019392422542342 2.3684541389042058 0.7744074212623788 0 0 0 0.300810408484587 
47941 3.4263508692347155 2.1831608464524237 0.9032725756088494 12 46 42 1.4659440693319594 
47938 3.6297237317968376 2.4673986010021607 0.7980263355100512 24 28 37 0.5065255645755165 
47937 3.592336120468174 2.340550785102594 0.7939184099686235 21 47 46 0.4411309537952769 
47936 3.662047075758223 2.5025039074357918 0.7876901445017294 171 171 179 1.7499619569775287 
47935 3.6197347206807606 2.3523044639435025 0.7796988889887575 39 27 27 1.8542806721411271 
47934 3.6329479955224455 2.458113798622274 0.81446867584842 116 120 129 0.3046153920889128 
47933 3.7382708268734057 2.669840360883443 0.8017754193724211 169 175 189 0.8659221825777769 
47932 3.743615216555693 2.6657156850624424 0.7985383350835201 65 71 85 0.08890282436160563 
47931 3.7717187859026926 2.693092305828013 0.7970294582781109 12 18 34 0.651815267923501 
47930 3.7559000665169124 2.635856208690454 0.806427009610069 102 108 122 0.5610248979627702 
47929 3.776563069149217 2.655568877935098 0.7995393453435873 13 22 31 0.1621481196977866 
47928 3.646566479604002 2.2561959710198733 0.7885619261655422 137 133 122 1.2176747151470944 
47926 3.776578912946036 2.6261859250679755 0.8089611237775391 171 178 186 0.5350072238608409 
47925 3.809812684844486 2.690392049042346 0.7998529100681508 13 18 32 0.10883027846665523 
47924 3.7030308443785334 2.3618517226369313 0.7971971218548478 155 147 128 1.204224143464406 
47923 3.7291390908968505 2.450388397295862 0.808264345206256 29 16 2 1.833162747335343 
47922 3.7479743672805474 2.516532112998541 0.8187366693830869 222 210 186 0.5954181351546799 
47921 3.7471453923811833 2.507286086346443 0.8192368890982346 41 28 13 1.1643144827348983 
47920 3.8038360588684714 2.5819304358717443 0.8139888954368155 92 98 112 0.6599498859164123 
47919 3.7524824969987822 2.31793615262629 0.7730178082065443 182 164 140 1.548052215423084 
47918 3.7546793557396794 2.3066426358050083 0.7696403407953286 188 170 147 0.8067203400708047 
47917 3.865938456240793 2.630677800013449 0.8029321001886194 108 111 126 0.7783313597361499 
47913 3.909591556109621 2.6741936530600614 0.8019728431710946 88 94 110 0.48880065918952265 
47912 3.881687240807022 2.6015995919917105 0.8119633881825897 153 156 171 0.491241677782843 
47911 3.736944304988284 2.071783962485981 0.7792280366866892 148 138 126 1.1513452379617115 
47910 3.858113626799556 2.4881355873762345 0.7989032228725066 222 215 196 1.277563311884192 
47909 3.798227387346517 2.3180807889078534 0.8067671820753864 17 3 29 1.2920571597575405 
47905 3.8142331795981526 2.280334784939101 0.806241064201446 55 21 37 0.6778713037228404 
47904 3.8067429908552444 2.2173638041673494 0.8058663512695654 10 64 171 1.04561968793196 
47901 4.194670290692495 2.5855506092224267 0.6114739622611305 140 143 158 0.5817395566233241 
47900 3.974291268551645 2.580005119233049 0.8007170044043431 20 23 38 0.42477124852121273 
47899 3.957557489631858 2.4399025285220532 0.782090014361662 216 204 181 1.9013871228128656 
47898 3.8724264732758225 2.1711648012006624 0.810945130453611 166 173 189 1.27210574749314 
47897 4.0331775900897515 2.6533136782900444 0.8090138936104784 5 9 21 0.46175895911423537 
47896 4.078579374553344 2.647162352616116 0.8024267398258007 14 20 32 0.5594647129968827 
47895 4.123486409337535 2.5614542460507197 0.7568886416950167 27 30 45 1.398861126187316 
47894 4.0591613973626535 2.5873088972202334 0.8100504589140042 27 30 45 0.9088797220240944 
47893 3.922650552665374 1.9568106023007776 0.7721955292382642 12 8 7 1.0851632842658676 
47892 3.98399255251188 2.322934176866968 0.8210621806099757 216 223 239 0.43082771807407566 
47891 4.101617070479522 2.5606614149691143 0.7934962694485984 108 112 124 0.5811043438464963 
47890 3.9627660104772073 2.0662383046193105 0.8160316783114042 168 170 165 1.031727329555475 
47889 4.107146999054789 2.372232040256213 0.7861771868304182 93 62 77 0.7830283647336548 
47888 3.9777798851400687 2.0599532796936257 0.8174704958310934 192 194 193 0.4861598803305092 
47887 4.024101011074174 1.8916915728936519 0.7560663722491882 142 144 141 0.9343380657880744 
47886 4.02553861501185 1.889960021082422 0.7543764063965199 142 144 141 1.256742284059732 
47885 4.070493984274826 2.263781612922597 0.8222231840505531 8 12 23 1.8681455887490177 
47884 4.165537570804457 2.4175656200707154 0.8073239284073471 6 6 0 2.120714951909229 
47883 4.118145062821098 2.3085250256599137 0.819137157890269 0 9 11 1.3713808981507292 
47882 4.102961140833554 2.3039001196914044 0.8325701349119573 42 47 53 1.331694306730652 
47881 4.1329461938250445 2.295507185381809 0.8259770868358219 13 22 29 1.2354168507516288 
47880 4.1127029592658495 1.9264115000050939 0.7824443662784807 145 143 144 0.8182360890368103 
47879 4.15677236661205 2.3536110497094898 0.8279618509456745 172 171 169 0.29171389337659676 
47878 4.210819863000265 2.391929641222281 0.8377177649876996 35 43 54 0.8205306162308184 
47877 4.174482951536986 2.004448053571218 0.8022914682992053 9 6 4 1.4444586606860301 
47876 4.176363937783937 2.179446684531674 0.8321865497504999 107 111 122 1.3047910089671952 
47875 4.281945029107021 2.2208008045827263 0.7773251487869987 72 77 81 1.4194442345109344 
47874 4.278964823887503 2.320969307245668 0.8086650865961101 201 202 196 2.1334534064480297 
47873 4.281642118250701 2.168792370550267 0.8120432896663434 58 60 75 1.7334678438686946 
47872 4.447097505212711 2.0181377618529206 0.7817509850429237 16 23 29 0.9691733432587128 
47871 4.402832945777362 2.0224021792933478 0.8119547682522361 51 55 58 1.0021646206843517 
47869 4.411333749734627 2.168216994930054 0.8478315987036263 82 81 76 0.5246210025463652 
47868 4.444209049927005 2.1922916992065193 0.837369735661504 215 214 209 0.8829819400792407 
47867 4.493268715203189 2.2323725267138474 0.8297124166775778 188 188 186 0.8591457184971218 
47865 4.496378177393075 2.202288823744745 0.8391085437598781 188 191 184 1.1619890306771719 
47864 4.496533656823814 2.2018108401696797 0.8389833580542579 188 191 184 1.0720875720604193 
47863 4.554859966755045 2.2943006256375607 0.8288440453360445 176 183 175 0.9613083643684548 
47862 4.651161549830368 2.3563519566784494 0.7943112660083786 5 31 46 0.9115997488614547 
47861 4.494009685254088 2.1316698333976003 0.856558461132442 178 181 174 0.4157835952022493 
47857 4.623147920598682 2.1569901570221948 0.9349631649098458 116 102 91 1.249079016837423 
47856 4.641765578981914 2.174854161034496 0.9320737494771388 36 38 32 0.8236452650091936 
47855 4.749486796306906 2.299255551355407 0.9001812019493108 227 236 245 1.1937995103955537 
47854 4.774517480774298 2.637052124694879 0.925143827049786 15 23 39 0.6657137403591519 
47853 4.794599216524927 2.2618539701901126 0.9181832600121882 247 250 255 0.9943009132691628 
47849 3.461370186114101 2.486442477566453 0.8318762108319789 120 114 76 1.0261368959040842 
47848 3.5077997486716757 2.4791591650309255 0.8447806136773202 234 231 198 1.0312075368192581 
47847 3.517544353853806 2.5006458617578615 0.8454095379428324 203 227 255 0.21949434631625067 
47846 3.400577491879546 2.203616089112905 0.8514819068846763 142 122 121 0.1396705672407522 
47843 3.574369499204612 2.5187359875303414 0.8146892179540596 95 86 91 1.2104715099836574 
47842 3.40701981727895 2.182166326279048 0.863457395202047 50 49 54 1.475462453984537 
47841 3.3456422350603305 2.872474521034466 1.3256856754253161 190 171 154 1.5302379998880165 
47840 3.433675434711632 2.212806076573508 0.8575282139055388 173 198 218 0.18725424261478363 
47839 3.576370184685748 2.5172690795906743 0.8416135590005803 179 189 248 0.6125469406466337 
47838 3.5715449081592316 2.5229702778778655 0.8513211101468793 179 189 248 0.6166706952184948 
47837 3.600161384694644 2.4424892835067604 0.7725112883268365 107 101 89 1.4580501298908586 
47834 3.701213742348174 2.6964689721714112 0.8065814527587172 57 63 77 0.38464445610569936 
47833 3.5974929729176663 2.34580078264609 0.7841706612392791 140 154 150 0.17526261418436187 
47832 3.6279017063837844 2.464248979755306 0.8046937360260138 8 12 21 0.9799790192118634 
47831 3.6222893060243906 2.359922110132036 0.7761728126509576 15 7 6 0.5181397006039442 
47830 3.614393061578798 2.3713864766664052 0.7903579735311069 15 7 6 0.33076409345493574 
47828 3.6323884358174454 2.462746545094821 0.8164120961933513 16 20 29 0.5797512774143142 
47827 3.632759384835073 2.4625418463987407 0.8165153683466314 16 20 29 0.5437087755282413 
47826 3.611374775068813 2.3246890527413955 0.7798055384698904 104 140 132 1.1923047097662514 
47824 3.62680061684713 2.3722487423931855 0.7834490198977596 46 32 29 0.6717143398205371 
47823 3.593642415842707 2.2959343583116145 0.7906749961452555 206 190 174 1.6002384985488456 
47822 3.6131711615628905 2.311136553605225 0.7814397500530857 179 182 186 0.5519150748579303 
47821 3.5978859950099964 2.264478903939512 0.7826451643126469 0 0 0 2.9273722375402196 
47820 3.606544541467805 2.2940394540177502 0.7932039905635999 12 4 1 1.256710956759388 
47819 3.611815701025014 2.29210246339291 0.7873901221470743 168 157 151 0.7097468080383552 
47818 3.654369795882085 2.4339736717927556 0.8008540923388657 80 87 95 1.1432793237009145 
47817 3.732267977154311 2.641223785946786 0.8074268531229661 1 6 16 0.47059695974200455 
47816 3.4883402857196275 2.147819795640683 0.8901854286295376 146 147 149 1.7534463630733337 
47815 3.7399688658444545 2.6078628314866856 0.8039495465902585 50 56 68 0.29214634801139994 
47814 4.2336862840685106 2.995853082160086 0.4352503813575441 88 98 107 1.023814546020454 
47812 3.7606753522192475 2.4241989157075974 0.7648497352106366 186 174 152 0.23919110977444422 
47811 3.777544256844829 2.587901919257695 0.8133851698579009 188 194 208 0.5384082765062779 
47810 3.7771557795857054 2.5835514624288773 0.8145425708083385 183 189 203 0.41372762562604964 
47809 3.4697010683995226 2.701127558770479 1.17228033887256 43 35 14 0.28066850104025864 
47808 3.7440801767371834 2.46809875745176 0.8149876540692389 200 188 172 1.4149433305575894 
47807 3.6368267513983072 2.053495303543232 0.8148424689946564 52 61 65 1.5537541464553264 
47806 3.742226174379321 2.6975634539081548 0.9404906106696991 4 10 22 1.2300954295010225 
47805 3.861294807942809 2.6493893251374776 0.8071379697102363 4 10 22 0.09486527649035048 
47804 3.8511860658105648 2.5758876833621427 0.8091478110446497 3 5 17 0.304244810169323 
47802 3.72306887719332 2.074389977652519 0.7885064356297293 35 26 19 1.4000805254412234 
47801 3.7283440222630135 2.06600845511725 0.7855404279539618 173 164 160 0.7041980912022945 
47800 3.760635919478334 2.0796940806643764 0.7864213100264209 176 168 152 0.7973335350778186 
47799 3.838524030249376 2.4922546434472226 0.8449559051213484 156 149 139 1.4917684268869222 
47796 3.8074418836269874 2.1784995081917407 0.8023704214380445 88 55 64 0.9247304058567113 
47795 3.7658656603827074 2.6545148367715745 0.9701159418683731 99 102 117 0.052777599249981 
47794 3.8312224992414037 2.465851462190229 0.867242403245072 227 220 212 1.2041702803517695 
47792 3.9568341209786393 2.418004684180267 0.7592132385739002 209 199 174 0.7354226438916399 
47791 4.029348510072841 2.653907354003879 0.8078052666383096 20 24 36 0.27277247294194434 
47790 3.8800974054282573 2.172807155627897 0.8063254444709452 169 176 192 0.1646648321256261 
47789 4.060550199785707 2.6484612733911685 0.8015411857496232 3 6 17 0.3736887140194671 
47788 4.032765635244439 2.3488719666922764 0.7572843106335381 126 126 134 0.9936708214952562 
47787 3.897895051565646 1.9459520624258912 0.7700572144494545 83 81 79 1.1899052922122824 
47785 3.955706413648405 2.172006551190383 0.8069286089636594 211 218 234 0.5599351908459468 
47783 4.051079493552863 2.374257837810219 0.7842519454573237 102 69 46 0.9850251469932607 
47782 4.067080737518099 2.5689544708621224 0.8182793441562806 22 26 38 0.5021195110933828 
47781 4.075416041550025 2.558097954286696 0.8117593436625088 21 27 41 0.18179814663525837 
47780 4.075416041550025 2.558097954286696 0.8117593436625088 21 27 41 0.18179814663525837 
47779 4.0596548408046935 2.3569810806646707 0.7859995475932912 134 129 130 0.7210600055878267 
47778 3.972434715304972 2.0488245830775944 0.8146292884540786 181 182 184 0.9792879672298535 
47777 3.9828178848126212 2.0786075969887996 0.8174094686651842 218 223 229 0.9105749032674241 
47773 4.082199730518738 2.253819102590296 0.8225253139857384 6 8 19 0.5445476806873959 
47772 4.068925791396079 2.1438644796084207 0.8231464070325722 62 85 101 1.8905869546077254 
47771 4.074176026052803 2.1446652201710377 0.8231487687639812 57 75 85 0.27604702042367435 
47770 4.066701302873887 2.0277125207751547 0.8102484649758086 84 93 102 1.8642706222015122 
47769 4.134333883790188 1.8162375952117285 0.7366687954085716 17 20 2